0,Cat
china,C
chinese,C
like,O
year,O
know,O
would,O
shanghai,P
anyone,O
make,O
want,O
time,O
get,O
people,O
travel,C
find,O
beijing,C
use,O
good,O
one,O
city,C
trump,P
day,O
student,O
national,C
say,O
first,O
trip,C
taiwan,P
give,O
halloween,P
also,O
market,C
plan,O
visa,P
take,O
visit,C
buy,O
could,O
see,O
work,O
card,O
respond,O
free,O
suggest,O
look,O
place,C
car,O
need,O
around,O
help,O
guangzhou,C
pay,O
hello,O
online,O
back,O
language,C
university,C
website,O
try,O
country,P
much,O
phone,O
live,O
culture,C
thing,O
thanks,O
number,O
old,O
company,O
guy,O
think,O
brand,O
friend,O
history,C
run,O
ticket,C
bank,O
ccp,P
japanese,P
bring,O
question,O
province,C
life,O
manufacturer,C
tip,C
cut,O
government,P
drive,C
family,O
mean,O
military,P
access,C
name,O
feel,O
shenzhen,C
dynasty,C
ask,O
week,O
app,O
food,C
many,O
since,O
way,O
world,C
store,O
something,O
create,O
main,O
read,O
account,O
child,O
american,P
actually,O
come,O
might,O
please,O
song,C
cost,O
maybe,O
citizen,P
empty,O
wonder,O
school,C
return,O
international,C
link,O
different,O
call,O
state,P
tsmc,O
police,P
member,O
fly,C
purchase,O
part,O
start,O
check,O
biden,P
bad,O
lot,O
still,O
everyone,O
video,O
gift,C
best,O
man,O
cultural,C
next,O
hotel,C
entry,O
tell,O
line,O
even,O
photo,O
local,C
costume,P
great,O
comment,O
lose,O
probably,O
flower,C
thank,O
outside,O
offer,O
post,O
tourist,C
develop,O
really,O
apple,O
etc,O
issue,P
high,O
south,C
business,O
show,O
better,O
nice,O
historical,P
option,O
custom,P
advice,O
share,O
plane,C
keep,O
however,O
foreigner,C
provide,O
beat,O
idea,O
record,P
home,O
general,O
camera,O
title,O
fall,O
ceo,O
recently,P
sign,O
learn,O
apps,O
appreciate,O
upcoming,O
sure,O
right,O
stop,O
hour,O
problem,O
shift,O
study,O
new,O
internet,O
yuan,C
oil,P
sesame,O
little,O
may,O
chongqing,C
crack,O
last,O
story,O
drop,O
vehicle,O
appear,O
almost,O
security,P
non,O
model,O
two,O
western,P
navy,P
every,O
series,O
rate,O
move,O
money,O
fund,O
saw,O
without,O
build,O
experience,O
heard,O
revenue,O
care,O
meet,O
away,O
product,O
west,C
release,O
english,C
machine,O
break,O
maker,O
economy,P
wear,O
love,O
department,P
citizenship,P
regard,O
raise,O
currently,O
switzerland,P
rest,O
expect,O
seem,O
happy,O
anything,O
hong,P
kong,P
understand,O
trade,P
happen,O
trend,O
female,P
opportunity,O
interview,O
red,O
europe,C
woman,C
well,O
sale,O
today,O
already,O
month,O
westerner,C
luxury,O
passport,P
job,O
area,C
mainland,C
watch,O
term,O
insurance,O
december,O
available,O
possible,O
america,P
stuff,O
policy,P
book,O
house,O
