0;
hong;o
kong;o
card;o
get;o
look;o
know;o
buy;o
good;o
like;o
would;o
want;o
need;o
place;c
find;o
use;o
time;o
think;o
people;o
store;o
one;o
octopus;o
year;o
question;o
help;o
travel;o
still;o
city;o
milk;o
appreciate;o
thanks;o
take;o
move;o
wonder;o
sneaker;o
next;o
many;o
may;o
back;o
miss;o
shop;o
thank;o
make;o
post;o
thing;o
work;o
market;c
recommendation;c
local;c
sure;o
around;o
old;o
kowloon;c
say;o
could;o
company;o
also;o
non;o
anyone;o
seem;o
visit;c
since;o
price;o
day;o
even;o
advice;o
really;o
put;o
sell;o
etc;o
best;o
everyone;o
leave;o
hongkong;o
option;o
experience;c
recommend;o
hard;o
family;o
laptop;o
ask;o
clean;o
something;o
iphone;o
come;o
restaurant;o
plan;o
building;o
try;o
exchange;o
january;o
credit;o
sign;o
without;o
possible;o
decent;o
side;o
love;o
express;o
helper;o
live;o
lot;o
offer;o
ive;o
pick;o
preferably;o
situation;o
anything;o
purchase;o
country;p
job;o
might;o
hotel;c
week;o
well;o
student;o
bag;o
chinese;p
red;o
already;o
new;o
long;o
speak;o
first;o
change;o
passport;p
person;o
small;o
hkers;p
birthday;o
house;o
heard;o
way;o
different;o
wear;o
advance;o
right;o
toy;o
head;o
nice;o
lee;p
order;o
street;o
guy;o
trip;o
cool;o
though;o
stuff;o
source;o
busy;o
crazy;o
two;o
towards;o
website;o
beach;c
money;o
please;o
send;o
talk;o
discussion;o
suggestion;o
ali;o
little;o
add;o
actually;o
asian;c
singapore;p
idea;o
uni;o
state;p
regard;o
dont;o
better;o
sub;o
pay;o
last;o
arrive;c
edit;o
welcome;c
month;o
business;o
top;o
area;o
stay;c
comment;o
show;o
tip;o
must;o
layover;o
salary;o
pretty;o
foreign;c
definitely;o
see;o
mom;o
big;o
mtr;o
much;o
hospital;o
backpack;c
soon;o
prefer;o
contact;o
online;o
provider;o
check;o
life;o
rate;o
art;c
home;o
law;p
mean;o
film;c
massive;o
election;p
line;o
weight;o
book;c
wait;o
upcoming;o
keep;o
care;o
culture;c
call;o
representative;c
necessary;o
hkd;o
case;o
probably;o
club;c
quickly;o
november;o
hsbc;o
cash;o
bank;o
cantonese;c
child;o
fee;o
international;c
enjoy;o
dim;o
phone;o
end;o
unlike;o
adult;o
date;o
quite;o
particular;o
start;o
sit;o
asia;p
early;o
tell;o
black;o
food;o
usually;o
understand;o
china;p
illegal;p
meet;o
cost;o
close;o
recently;p
happen;o
feel;o
younger;p
officer;o
cheap;o
account;o
curious;o
locate;o
hope;o
hot;o
foreigner;c
genre;o
feedback;o
maybe;o
grow;o
immigration;p
island;p
model;o
barrier;c
english;o
language;o
tear;p
movie;p
debit;c
normally;o
story;o
able;o
rest;o
address;o
sale;o
wan;o
type;o
via;o
support;o
play;o
macau;p
jan;p
problem;o