post_title,post_id,post_body,post_datetime,post_score
"Information needed on CityU, HKUST and CUHK",1gl6t35,Im a second year dutch student who is planning to go on exchange next year. These 3 universities are partners with my own. Im still not sure which one to pick. Do you guys have any experience regarding these unis or important info I should know. Im leaning towards CUHK right now but thats solely based on the ranking of the uni. How is the social life regarding each uni?,1730921346.0,1
What city or cities has now the vibe HK had in the 80s and 90s - PART 2,1gl6qzt,"**About 3 weeks ago I postedÂ this:**

Â 

[**https://www.reddit.com/r/HongKong/comments/1g5lvur/what\_city\_or\_cities\_has\_now\_the\_vibe\_hk\_had\_in/**](https://www.reddit.com/r/HongKong/comments/1g5lvur/what_city_or_cities_has_now_the_vibe_hk_had_in/)

Â 

**The responses were very rich in detail and very interesting, I am very glad and thankful it got such feedback.**

Â 

**My post was a generalÂ one, I am going to fine tune that question and make it very specific.**

Â 

**My question is from an art world perspective, films, music,Â theater,Â nightlife.**

Â 

**""A sense that anything could happen and that if you worked hard enough, you could make your way.""Â is what someone in the previous post said, and the vibes I get from 80s - 90s Hong Kong**

Â 

**But not only that, it needs to be a place where anything goes in the meaning that you create something new, and it catches on, it gets taken seriously.**

Â 

**I think 80s Hong Kong had that too, the pinnacle being the Won Kar Wai / Chris Doyle films and the Tony Leung and Andy Lau movies.**

Â 

**For something new like that to work it means people will take it seriously and run with it.**

Â 

**That means the audience, the participantsÂ (crew, actors, band memebers, etc)Â and the investors, need to have the same mindset.**

Â 

**I am not talking about people agreeing over a film or a band but a general mindset of a place that fosters a fertile groundÂ for something new to grow.**

Â 

**I would argue New York and Berlin had a similar vibe / mindset in the 70s.**

Â Â 

**If anyone has new feedback after this expansion / detailing I'd be very curious to read it.**

Â 

**I amÂ going to name 2 cities not sugested in the previous thread, if you could leave your impressions on how it compares to 80's - 90s Hong Kong it would be great. (As per original post, it can be anywhere in the world and of any size)**

**Taipei or another city in Taiwan**

**Rio De Janeiro, Brazil**",1730921198.0,1
Guitar looking for Bass and Drums,1gl5xp6,"Hi all, 

  
**Brief self background**

>I'm an ESF kid who grew up to become, surprise, a HKU alumn (im 26 now). im sure those who know, know. I can't speak canto, though my mandarin is arguably passable for communication. Also, I can speak Korean (on the off chance lmfao)

  
**Brief musical background**

>I love my guitar but I am by no means an expert. I would rate myself as an intermediate (humbly). I can keep time though, and I really adore music and musicality and feel a responsibility to the art.   
  
My genre interest is in Jazz primarily, but also I love modern hip-hop productions, indie-rock and just straight up dad rock. I'm not really fuzzed about what ""genre"" we play as long as it is a fun time to jam.

**Trio of Bass / Drum / Guitar?**

>**I wanna bite the bullet and just form a bass/drum/guitar trio of intermediate+ players.** Experts are welcome, but I (we) our payment for your labour of babysitting us will stop at free drinks and obvious admiration. I do promise to be a good baby about it though.   
  
I hope we could have **chill jam sessions** every week or so to just spazz out away from the desperate cloy mundanity of HK work-life. Though I take the artform seriously, I take having a good time *even more* seriously.

  
If you are interested, please comment and DM me! I would be willing to provide some ""sample"" recordings of my playings if required. Though that would make me quite anxious, it is a cost I am more than willing to pay if it nets me nice jam partners. 

**P.s, if we get more people, or if a Vocalist or Keys doesn't mind playing without a bass or drum (lol)**

>**Vocalist and Keys are welcome too,** but I have much less experience jamming and making space for your instruments. If teaching me the ropes on that does not sound too onerous, please feel free to comment and DM too. ",1730919162.0,1
What is the best sushi in Hong Kong? ,1gl4gdt,"Iâ€™d love recs for good sushi restaurants in HK, preferably on the cheap side (not over HK$500 pp), on HK Island or in Kowloon. Ty in advance!",1730915481.0,0
As LGBTQ is Hong Kong a good place to move to?,1gl2rs3,"I'm familiar with some of the clubs, petticoat, and linq (although it looks like petticoat is closed now)

But I want to expatriate from my country and it probably needs to be asia for work reasons. Other option for me might be Singapore. Looking for any opinions. ",1730911261.0,0
I was clueless and stayed at Chungking Mansions,1gl2ln8,"â€¦from November 1 to November 7. This is my last night. Why? I just legit had no clue, I used Booking.com and my guest house had good reviews, I didnâ€™t even know it was inside a massive building.

Before I talk about CK Mansions I just want to say Hong Kong is awesome, automatically one of my favourite cities in the world, and Iâ€™ll 100% be back. People, food, architecture, transportation, everything was awesome. 

As for CK Mansions: I was in actual terror when I arrived. The outside of the building was filthy, the inside was somehow filthier, I was immediately approached by someone probably wanting to sell something? The elevator was very slow and packed with people who were screaming at each other.

My room is tiny (which I donâ€™t mind), the air conditioner is *loud* and the toiletâ€™s water is *brown*. Iâ€™ll never ever make the same mistake. Iâ€™ll be staying at a nice place next time.

The thing is, I canâ€™t say my stay was terrible. My guest house, unlike the rest of the building (which is the filthiest building Iâ€™ve ever been in) is always clean and smells nice. The tiny shower is okay, my sheets are clean every day. And the owner(?) is awesome. From the very beginning sheâ€™s been really friendly and helpful, recommended me restaurants and places to visit, and gave me a little Chinese style decoration tonight with a â€œthanks for your stayâ€ note.

Soâ€¦ yeah. Iâ€™m still in disbelief that Iâ€™m typing this from inside a building where criminal activity may or may not be taking place. Iâ€™ll never unsee the filthy stairs/hallways/etc. and Iâ€™ll never ever step foot in here again.

Butâ€¦ I wonâ€™t leave a negative review. I kind of see why it has a good Booking.com score *all things considered*. Itâ€™s been a surreal experience, but at least it was cheap and Iâ€™ll likely leave in one piece.

Anyways. Good night! Looking first to leaving the building early in the morning.",1730910814.0,107
"HKers who went to France, what did you think about the French ?",1gl28ld,"How was your experience? Did you have a massive culture shock ?

I know thereâ€™s something called â€œParis syndromeâ€ that affects some people coming from Asian countries. Is that a real thing ?

EDIT : Iâ€™m curious cause this question was asked on the Singaporean sub and the feedback was horrible ğŸ˜…",1730909890.0,2
Buying Christmas gifts for my children (HK toys ideally),1gkvhga,"Was looking into buying Xmas gifts in HK next week when on holiday for my children, 3 and 1yrs old. Live in the UK so looking for things we can't normally get here.   
  
Will go to Toy r us in Harbour City as I normally find things I like there too. But was interested in more uniquely HK toys like the Tomika taxi and mini bus or the City Story sets. I can't seem to find where the shops are for City Story, it looks like the ones on google maps are closed. I looked on the website and like the look of the royal toys children's musical instruments too.   
  
Does anyone know if they sell the Tomika and city story toys in toys R us or do you have to go to their specific stores? Is online shopping an option? Thanks",1730889008.0,1
I donâ€™t know if this sub is the place to talk abt it â€¦,1gkt9oo,"But whatâ€™s up with so many online HKers on Facebook and YouTube thinking that Trump is more anti-CCP and the last election is a fraud

Yeah, Iâ€™ve a problem with him because Iâ€™m one of those â€˜Cleopatra is blackâ€™ idiots, and not because of Qanon, election denial, Jan 6th, the 34 felonies and the Project2025 /s",1730879299.0,85
Practicing Law in HK; how is it? ,1gksps2,"Hi all, Iâ€™ve recently completed my A-Level course and am thinking of applying to study in HK for uni and deciding on a bachelorsâ€¦

Iâ€™m looking towards a Bachelors in Law and being a solicitor in the future. 

Iâ€™d appreciate any advice on my education path towards this and if being a solicitor in HK is a good idea? Thank you guys. ",1730876989.0,0
Travelling to HK with locked iPhone and need data ,1gkrik8,"I bought a pocket wifi but itâ€™s ass and the signal is weak. Iâ€™m not even sure what model it is or when it was manufactured. 

What are my options to get data on a locked iPhone?",1730872259.0,0
Can you get the cool Octopus cards at convenience stores,1gkrdwg,I see them on the online store but I don't want to try to coordinate timing with ordering to my hotel if that is even possible. Is it possible to buy like the sanrio or snoopy Octopus cards from a 7-11 or something?,1730871762.0,5
Where to get laptop cleaned+upgraded?,1gkn1in,"Hi everyone, 

Besides Mong Kok and Golden, any suggestions where I can get my laptop cleaned and an extra SSD installed? (I've checked to ensure it is possible).

Thank you! ",1730856554.0,1
r/HongKong weekly discussion,1gkla8g,"This is r/hongkong's weekly discussion post. 

&#x200B;

Your comments will largely be unrestricted by the subreddit's rules. Feel free to post what you find relevant to our city or any particular point of discussion or question you may have this week. 

&#x200B;

If you have any questions, please message the mods.",1730851242.0,3
"What have you taken for granted, living in HK?",1gkbme0,"One of the things for me, is how quickly the next MTR will arrive.",1730826413.0,114
Where to trade in a Canon 5Div DSLR + L lens,1gkaplu,"Where in HK can I trade in my used DSLR and some L lens (70-200 ii 2.8, 16-35 ii 2.8, 85mm 1.2) for a good fair price? There is definitely cosmetic wear and tear on the body but otherwise in good condition. Looking to upgrade to  a mirrorless body while in HK! 

Any advice and tips appreciated :) ",1730824137.0,0
Anything going on regarding EDM/trance/rave in Hong Kong in January?,1gk9ujs,"Hi, 

I will be in Hong Kong in next January for some time and was wondering if there is a good place to go if you love EDM across all genres. May it be clubs, bars or festivals? Anything recommended?

The only thing I could find was Z+ ACGxEDM, but I don't know about that one to be honest :D....

https://preview.redd.it/9tw89ufpt3zd1.png?width=781&format=png&auto=webp&s=bce055aa79b6b5963d4f1ad4b53fc932aec9be40

",1730821954.0,1
Best place to buy waterproof laptop stickers in Hong Kong?,1gk9esp,"Hi there! I will be doing a short trip to Hong Kong from Vancouver Canada next week, and I am wondering where I can buy a waterproof sticker as a souvenir to put on my laptop? I am assuming they are available in souvenir shops in touristy areas and I will most definitely look for them on my own but I was wondering if any locals know of a particular shop that sells good quality / variety stickers with good prices, so I can head there directly? In Mexico City I was able to find a stall in a local market that sells a variety of laptop stickers so I'm looking for a similar place in HK. I am not looking to buy random stickers it should be those with some sort of HK logo on it, you know, touristy but a good souvenir. I look forward to hearing from you all soon, cheers! :) ",1730820828.0,2
Does the bank where you receive your salary matter?,1gk8mcb,"This is a probably stupid question but Iâ€™m getting into my first full-time job. I usually ask my dad but he suddenly passed last year and my mom isnâ€™t too knowledgeable about how the services banks offer. So I need serious advice because I want to learn how I can save and help my family out from the loss of our dad.

Anyways, I have been seeing â€œSalary+â€ on my ZA app saying if I put my salary in there, there would be an interest coupon. I read the terms and regulations but to be honest I donâ€™t understand it. I have a Standard Chartered account and HSBC account but itâ€™s just savings and I am scared of looking around the app for investments or anything like that so it has just been a storage for money.

I havenâ€™t been doing too well with finances and adulting stuff but I need help. I want to be more aware and learn about finances especially how I can manage them better but I havenâ€™t been doing so great because I honestly donâ€™t understand the concept or the terms or anything. I know I should invest, I know I should save but I donâ€™t know how or how to start. I did get a dm about Webull but since I havenâ€™t started my job or saved enough emergency savings, Iâ€™m putting investments on the side for now. I just donâ€™t know if what I am doing is right.

I am sorry for putting this all on here but I really want to turn this situation around. Itâ€™s tearing me apart how at the age of 23, I am not familiar with this. I want to be helping my mom out already especially since my sister is still in university and then the rent. She has been putting off buying things for herself and not been eating much for us to eat more and I cannot stand it. Iâ€™m sorry. I just want to do something already. Any tips/ advice? ",1730818764.0,17
Crypto site access in HongKong,1gk8aap,"My family and I are going to travel to Hong Kong this month. Around that time, I need to participate in a crypto token presale/launchpad, but they announced it after we had already booked our trip. I'm not sure if I'll be able to access those crypto sites while in Hong Kong.

If I can't, can I use a VPN? And if so, which VPN would you recommend?",1730817849.0,0
What can a non Cantonese speaking man do for work in HK?,1gk3dwn,"Thinking about moving to HK in a couple of years. My girlfriend is a Hong Konger and could quite easily get a job but Iâ€™m worried that with my lack of Cantonese and Mandarin that Iâ€™m going to really struggle finding anything. Has anyone got any experience with this? 

Also - side question - does anyone know how hard it is to find a artist studio in HK and how expensive they are? 

Thank you! 

EDIT - Iâ€™m not a banker or have any experience in the financial sector. I live in London and manage artist studio buildings which Iâ€™m not sure is a transferable skill. Iâ€™ve got experience working in art galleries and with managing commercial property.

Sadly I did art history, not a massively useful degree so not sure how this will help in HK",1730801292.0,52
Where to get red date cake (ç´…æ£—ç³•ï¼‰ï¼Ÿ,1gk2r7u,"I see plenty of shops that have black sesame, red bean, coconut, but not red date. Preferably on the kowloon side and without having to sit down at a fancy dim sum restaurant. ",1730798341.0,3
Exploring HK during 6months university exchange ,1gjymhx,"Hello, I am a 21F University student from Singapore who will be exchanging at HKU for 1 semester from Jan to end May. It will be 11 years since I last visited HK by next year. 

I am a HUGE TVB/HK movie fan and would love to visit as many places in HK where a lot of HK dramas and movies were shot

some of my fav movies where i want to visit their scenes are

- æ–°ä¸äº†æƒ… 1993 (could only find yau ma tei & temple street online, but im particularly interested in the night market scene where they saw rainbow fishes and used flashlight to look at them)
- on call 36 (i only know its shot in Queens hospital but i would like to find other scenes as well)
- å¤§æ—¶ä»£ 1992
- å·¨è½® ï¼ˆi know some are in macau but i found the lor shun kei shop already :D)
- é‡‘æç‰å¶, the one with leslie & both anitas 
- èƒ­è„‚æ‰£1988
- basically all the iconic tvb dramas as well
- æ•´è ±ç‹ 1995, the flower market scene!!!

I really like a lot of HK actors as well but have problems finding upcoming events but i would love to see a HK actor live if possible so if you guys know where i can find the news/any upcoming events to go pls let me know! (some of my fav are åŠ‰é’é›² æ±Ÿç¾å„€ é»ƒå®—æ¾¤ æ¢æœå‰ è¢è© å„€ å¼µæ™ºéœ– é»è€€ç¥¥ é™³æ•ä¹‹ Ali Lee æ¥Šæ€¡ etc)


I would also want some local recommendations on what to do/where should i go during my time since i will be in HK for so long! :DDDD i speak and can read fluent traditional chinese/cantonese thanks to many years of watching TVBğŸ’–ğŸ’– even though I am a Singaporean hokkien. I also speak mandarin chinese and english if thats relevant, so language barrier is not an issue for me at all :D any nice shops/restaurants or cafes would be greatly appreciated!!!!

I hope to watch a concert in ç´…é¤¨ but havent seem to find much info on concerts next year by HK stars like Hins or miriam etc

always wanted to try å¤§æ’æª” as well as Singapore dont have it so any recommendations would be appreciated!!

all the iconic places in HK are basically already on my list eg star avenue, peak, clock tower, and i added some iconic islands like TaiO, lantau and lamma but i would like to visit a particular shops etc or activities to do! I really enjoy culture, history, HK music, and is open to any fun stuff!!

This is the first time i posted on this community so i apologise in advance if i made any mistakes, thank you!",1730781038.0,10
Will flights be cancelled with the upcoming typhoon? ,1gjx3vd,Theres an incoming typhoon and ive got a flight this weekend that i really dont want to miss but i heard about it depends on the wind direction and HK observatory mention about the beach ball theory. ,1730775993.0,74
Recommendations for buy Sony alpha in HK ,1gjw03o,"Hi there!

I'm traveling in the next days to HK and I was wondering if anyone could recommend any store to buy a Sony alpha 6700. Also, do you think is better to wait to 11.11 for a special discount?

Thanks a lot!",1730772557.0,0
Milk tea question for diabetic,1gjtt3p,We are traveling to HK and my husband is a type 1 diabetic. Do the milk teas (iced or hot) already come with sugar or can you order it without? Thank you !,1730766206.0,5
Chi Lok wet market,1gjk49m,"Fuji x100vi tests. Chi Lok, May 2024.",1730741815.0,151
Smart ID Question,1gjihlo,I was born in Hong Kong but live in the U.S since 2000. I went back to Hong Kong in 2013 to get my adult ID. Do I need to change to Smart ID by 2025? What happens if I miss the deadline?,1730737913.0,1
Fast Bespoke Tailor ,1gjf4og,"Hello everyone,

some friends and I are visiting Hong Kong for 5 days mid November.

I heard many people say that tailored suits in Hong Kong are unbeaten for price quality ratio.

As a german student a tailored suit is normaly out of my price range, but in HK it seems you get way more value.

Is it even possible to get a get a suit done in under 48h to maybe wear it to a nice birthday dinner? If yes what is the budget for a lower end suit I should plan with ? 

Can you recommend any places? Thank you in advance!",1730729439.0,0
Canâ€™t add student octopus,1gjea0v,"I am trying to add my student octopus on Apple wallet and it wonâ€™t work. It keeps showing this. Plus when I try to contact octopus support, itâ€™s useless since itâ€™s bot",1730727088.0,15
Temporary help,1gje8hd,"Hi everyone,

My mom is in need of some temporary assistance with cleaning and a few small tasks around the house. If anyone has recommendations or knows where I can find reliable help, I would greatly appreciate it!

Thank you!",1730726966.0,0
Is it hard to sell eSIM variant iPhones in HK? å…ˆé”å»£å ´ wonâ€™t take my non-China variant phone.,1gjd0nt,"They seem pretty pissed and lowball me hard when I show them my eSIM + Physical SIM international variant iPhone for sale.

Is Carrousell my only option?",1730723243.0,0
How do filipino helpers send stuff back home ?,1gjbf7z,"Our helper expressed interest in taking things we are donating (toys, clothes) to send it back home for friends and family presumably. She is not well aware on how to send it back. I know it costs some money to send things back home, it was explained to me that some of the filipino helpers buy a box and then slowly fill it up with things they want to send back home, then send it at once. Does someone know how it works, which stores offer this service, etc ? Ideally in the Tsuen Wan area.",1730717310.0,26
Internship ,1gj9vso,"Just graduated in business administration in Italy ( 22 yo) and I was thinking to find an internship in HK. Some questions about it:

1) how visa works ? I need to pay for it or the company will sponsorship me ?

2) whatâ€™s the average salary for an internship in HK?

3) how hard is  for a 22 yo foreign to get an internship in HK? 



Any advices are welcome ğŸ™

",1730710248.0,0
Where to get sneakers in Hong Kong?,1gj9nhj,"American sneaker head passing through HK.  Looking for recommendations on where I might purchase some cool sneakers in HK.

Most likely Nike or Jordansâ€¦would be cool to snag something I may not find in the states. 

Iâ€™ll be there tomorrow, Tuesday Nov 6th.  

",1730709130.0,0
I dont understand how so many HK (younger?) people look so rich?,1gj8cdl,"I usually hangout between Mongkok and Causeway Bay, I understand TST/ Central/ Admiralty of course those are expensive places and people dress up better, but Mongkok? It seems like younger HK people, from I guess 28\~45 years old, look so rich?

Sales at an electronic stores and managers at McDonalds wears Rolex Submarinas

My hairstylist located in an old Tang building (å”æ¥¼) in Mongkok wears a Rolex two tone rose gold Daytona, plus expensive designer clothes and jewerlys.

People on the MTR - very nice watches, very nice hand bags, latest most flagship phones and gadgets.

And it seems like they go travelling to Japan/ Taiwan/ Thailand few times a year!?

On the other hand, I keep on reading news about how bad the economy in Hongkong is, how young people cannot make a living and cannot afford things etc...?

Can anyone tell me what am I missing here...?

Thanks!

",1730703033.0,325
Hong Kong Tourism Tips: Experience-purchase-history-oriented,1gj80bs,"Hi,

I'm going to visit HK and Macau from Japan next January with my mom.
It's for the first and second times to travel to the metropolis for her and me, respectively, thus I'd like my accompanier to enjoy this pearl of Asia to the full.

We are interested in historical affairs, ""landscapes typical of the land"", delicious foods, and so on.

When I visited HK for the first time, I helped myself to é£²èŒ¶, taking local æ¶¼èŒ¶ with my local friend, riding a tram and a funicular to have a joyful view at the victorian peak.

However, I might have missed that ""cloud of neon signs"" representative of HK's good and old times, and some other (sub)cultural things to enjoy.

I'd appreciate every recommendation of yours!",1730701570.0,1
Long layover help,1gj7um0,"I have a layover in January in HK from 7am until 9pm, and Iâ€™m not really sure what to do in between this time. Iâ€™d like to go into the city and look around but ideally not at 7am, maybe closer to 10am.

Does anybody know of hotels that offer day rates? I have enquired with Regala Skycity who currently offers a day rate, but this is only up until 31 December and they couldnâ€™t confirm if they can do this in January. 

Any ideas of what to do are appreciated! ",1730700857.0,0
Itâ€™s seem language barrier in Hong Kong is not necessary:),1gj7stm,Itâ€™s seem like language barrier in Hong Kong is kinda not necessary because many Hong Kong citizens can speak English quite well unlike to Shanghai or beijing for example I ask Hong Kong women some question about where I can get dipping  dish  in the hot pot restaurant in English and she speak English back to me tell me where dippping dish where I can pick up :) this is why I like Hong Kong without worrying about those languages barriers. Hong Kong citizen is quite nice polite and well manner :) ,1730700653.0,0
Where can I buy good looking button shirts for work? Non plain colour preferred.,1gj7qs4,"Looking to refresh my wardrobe for my semi casual job. Can have some patterns, or different coloured collars as to the rest of the shirt etc. preferably kowloon located.",1730700417.0,4
Hong Kong LLC - Significant Controller Register - Any suggestions for the Designated Representative for non-locals?,1gj6kfd,"Companies Registry in Hong Kong requires every LLC to have the Significant Controller Register. I am a foreigner non-resident, the sole owner/director of a local LLC, so I can complete the controllers part, but I also need a local Designated Representative.

>A companyâ€™s designated representative must be either a shareholder, director or an employee of the company who is a natural person resident in Hong Kong or, alternatively, an accounting professional, a legal professional or a person licensed to carry on a business as trust or company service provider.

Everywhere I look for this specific service (different company registration websites designed for foreigners), the provider is charging HK$1000-1500 per year just to put their name on the paper. While it is not a crazy amount of money, as a small business owner who is just starting, the costs keep piling up and I wonder if there is a more cost-effective solution - especially, since this is so passive just to tick the box.

Would anyone have any recommendations for appointing a local Designated Representative as a foreigner?",1730695834.0,1
What do expats and those who left the city miss about Hong Kong?,1gj6h21,"I left the city in early 2019 and I still miss the efficient transport, local food (Fairwood's beef brisket, Bao Dim, etc) and a few others. ",1730695485.0,69
Parking at West Kowloon Park on a Saturday afternoon ,1gj6f6l,How horrific will the parking situation be? And how busy overall will the park be?,1730695298.0,1
What are signs of old money in HK?,1gj61gu,"From what Iâ€™ve heard unlike many East Asian countries, Hong Kong still has an established old monied community ",1730693914.0,65
"Want to post a job ad for a chef to migrate to UK via BNO scheme, which platform do I use?",1gj5oh8,"My family own a Chinese takeaway restaurant in the UK and are looking for a chef in Hong Kong to move over, must have BNO status.

Where do I post this ad? Or is Reddit the best place?

Thanks!",1730692650.0,9
HKID renewal question - Can you ask for two copies of the acknowledgement of application?,1gj565z,"Hi!

I have a bit of a complicated situation. I will be heading to HK in a few months to renew my (non-PR, I have RTL status) HKID card. Long story short, I will need to have someone pick up my card as I won't be in HK when pickup is ready and I know there's a limited time that the card can be picked up.

Here's the situation, my understanding is that when you exit HK while the card is in process, you need a travel document (foreign passport in my case) and the acknowledgement of application paper to show at immigration. The problem is that the person who is picking up my ID card is required to have said acknowledgement of application paper. Is there a way for me to get two copies of the acknowledgement of applicaton? One for me to exit HK and one for the person picking up my HKID card?

  
Alternatively, can I enter HK with my passport, submit the HKID card renewal, then leave HK with just my passport? If I do this, will my HKID card be red flagged since I wouldn't enter HK with that?",1730690942.0,4
"Big Wave Bay - ""Big Sign Saying NO Surfing?""",1gj4i8x,"Why is that? 

I was there yesterday and like 90% of the people in the sea were surfing.

They've put this massive sign at the entrance to the beach saying that we can't surf.

What am I missing here...?",1730688752.0,22
What kind of people enjoy living in Hong Kong? ,1gj43dr,"I think this topic can definitely be quite polarizing, and this subreddit is definitely an example. Plenty of people who absolutely hate HK, but also many who love it, especially after they leave. I've been watching a lot of videos about living in HK, whether from the POV of locals still in HK or locals who have left and moved elsewhere (usually UK/Canada/Aus). And also content from foreigners who moved to HK, including foreign-born Asians. 

Here are some obvious ones I can think of:

* Have money or make lots of it 
* Being Chinese or white - obviously Chinese as the ethnic majority, and white because of systemic racial privilege
* Love dining out/shopping/travelling 
* Enjoy a ""fast-paced"", convenient or materialistic lifestyle 

But I'd go further to add (but these are more up for disagreement): 

* Introverts - there's not much small talk and you can easily keep to yourself 
* People who don't really want to integrate or meet people from different backgrounds - For expats, it's easy to get by without integrating or learning Cantonese especially if you move to certain locations like DB or mid-levels. 
* Foreigners who want to integrate - on the flip side, I also think HK being a big city with a large and dense population means that it's also easy to meet friends and integrate if you want to. There's a lot of interest groups and social activities going on. Plus, HK being not a family-friendly city means you'll meet more people in the 20s and 30s who want to meet new people and socialize, as opposed to settling down and having children. 
* Conformists - HK can be a pretty judgemental society. It's not great for artists, or people living non-mainstream lifestyles. But if you're a ""typical model of success"" by HK standards (heterosexual, university educated, high income, in the rat race, believes in the face concept), then HK can feel very safe to you. 
* Politically apathetic - self explanatory. Bonus if they only care about safety and social harmony above all else. 

",1730687395.0,192
Where can I find condensed milk in HK?,1gj42l5,Hi everyone I want to make some milk coffee with this but canâ€™t find it at any shop. I asked a HK guy but he doesnâ€™t know either. Seems like HKers donâ€™t use it. Do you know where to buy it? Many thanks,1730687321.0,0
Looking to stay in HK for a month. What website do I use to find apartments?,1gj3rkw,"I know that AirBnBs are illegal in Hong Kong. I have no idea where to start looking for apartments, specifically 3 bedrooms. What's the ""Zillow"" of Hong Kong? I don't want hostels or the cheapest places. I prefer a reputable website and not just FB or Instagram, where people offer up their house/apartment. ",1730686336.0,1
USDT exchanges?,1gj1ikz,"Hi there ğŸ‘‹ 
Was wondering if any know a trustworthy in-person exchange for USDT? 

I want to have a backup just in case and change USDT to HKD.

Would appreciate any help ğŸ¤

",1730679494.0,0
Where to buy fishing materials in hk?,1giymcw,Just generic stuff like weights/ hooks/ line / swivels.  Thanks!,1730671537.0,1
Octopus card,1gixdy7,"Hi all, would appreciate about the octopus card. Im going to travel to HK in a few daysâ€™ time and am wondering if you could top them up using a debit/credit card at the machines or are they cash only? 


Also side note: how is the indoor climbing/bouldering culture there? ",1730668323.0,0
Hong Kong Layover Help,1giwr4r,"
Hi everyone!

I am looking to get some help planning my trip to Macau as an NZ Citizen. I have a layover arriving in Hong Kong International Airport 4:20 PM Jan 31 2025 and then leaving to my next destination Feb 1 4:15 PM.

In my head I plan to go through Hong Kong immigration, drop off my suitcase at a bag storage in the airport and travel around with a back pack. 

Make my way to Macau and check in at one of the cheaper hotels in the Ponte 16 area. Look at the attractions there and grab a meal (looking for suggestions)

Visit the Cotai Strip and have a play around in the casinos and touring the area. 

Leave the next morning to Hong Kong, eat at Kamâ€™s Roast Goose and then do shopping of some kind if time allows (suggestions please) and then try to be back at the airport around 2PM.

My questions are:

If this plan sounds feasible or if there is a better way to do this?

When and where would I go through immigration, is it at the ports and will I need to do this before I can go on the HZMB busses (what is the process)?

The time I visit will be Chinese New Year apparently, so do I need to account for shops being closed and will there be different schedules for transport and stores?

And currency wise, should I carry HKD, Patacas, both and how much would be a reasonable budget?

Just any other tips, suggestions or advice you have as well :)

Thanks to all those that can help me, really appreciate it!! 
",1730666653.0,1
Hk psychiatry government hospitals question.,1giphnm,"Hi all,

  
I finally want to get put on medication since not having psychatric medicine is really making my life worse. I need antidepressants , and ive put off taking them for a long time. How do i navigate the psychatric hospitals here in Hong Kong, who do i ask and where do i book an appointment? They arent picking up my calls ",1730647944.0,9
Lawn care and fixing in Hong Kong. ,1gipaog,"Iâ€™m looking for advice of where to get the necessary supplies to fix my lawn. Unfortunately most of the grass is growing on sandy clay so I would like somewhere to purchase the right sand and decent soils to help with the growth but I need a lot so canâ€™t buy compost bags from flower market in PE. 
",1730647435.0,0
Taking a child to shenzhen with travel permit,1gioqpt,"Hello, I am sorry if this isnâ€™t the place to ask but I am hoping for people with SAR passport and/or Home Return Permit for their experience travelling to Shenzhen with a younger sibling.


Me and my under-18 sister got foreign passport but got the Mainland Travel Permit for non-Chinese. I hope to take her to Shenzhen soon but I wonder if the officers at the border will not allow us through. We have to use the manual channel since it will be her first time into Mainland China and neither parents can accompany us. Do I have to take any additional documents other than our permits and passports to get through immigration? ",1730645972.0,0
Yorkshire puddings.,1gioihe,"
Eventually, after many years here, I got an oven (thank you HSBC) where I could actually make decent Yorkshire Puddings.
",1730645334.0,159
Question about Hong Kong mail,1gimv75,"I hope Iâ€™m not just being a stupid Australian right now but. 

I posted a package from Australia to the USA on the 8th of October. The address was clearly set to the USA and I recieved a confirmation text that stated â€œYour delivery is on its way to United States. Track here:â€. 

My package has ended up in Hong Kong and Iâ€™m not sure why. They have attempted delivery of the package twice, even though the address is no where near where it needs to be. 

Iâ€™m just looking for support on what I should do next and wondering why itâ€™s even in HK. I have contacted Australia Post with minimal help, so I lodged a ticket with Hong Kong mail and am waiting on a response. ",1730640605.0,9
Sundayâ€™s,1gimosz,"Hi
Moved out of HK in 2017. Are Sundays still crazy in Wanchai with all the helpers out and about? Or did the pandemic kill all of that?",1730640041.0,0
Which broadband company should I use (for non-fibre)?,1gij694,"I think there is now (pccw), iCable or HKBN, which broadband provider is most stable/recommended?

I am in old building, I don't think there is fibre. ",1730626339.0,0
From Lost Youth to Verdict: Five Years in Limbo for Hong Kong Twin Brothers,1giiky2,"# From Lost Youth to Verdict: Five Years in Limbo for Hong Kong Twin Brothers

On July 1, 2019, as Hong Kong marked its 22nd anniversary of the handover to China, the city witnessed one of its most tumultuous days. Among the thousands who gathered near the government headquarters in Admiralty were two 14-year-old twin brothers, **Dai Ka-ping (æˆ´å˜‰å¹³) and Dai Ka-ching (æˆ´å˜‰æ­£)**.

The twins were among four defendants recently sentenced by Deputy District Judge David Cheung (æš«å§”å€åŸŸæ³•é™¢æ³•å®˜å¼µå¿—å‰) for their involvement in the protests. While two co-defendants received three-year prison terms, the twins were sentenced to a training centre for a minimum of six months, with the judge considering their youth at the time of the offense.

[Days before the verdict, Ka-ping voluntarily shaved his head, preparing himself for the trial's outcome. \(Photo source: HK City Creation.\)](https://preview.redd.it/mxq2x7kzenyd1.png?width=1440&format=png&auto=webp&s=54fd3bd72646c11dca3ff0d3eafbad609be19e8c)

The Moment That Changed Everything

The events of July 1, 2019 are etched in their memory. **""I was looking back for him, and he was looking back for me,""** Ka-ping recalls. **""When we finally found each other, police charged forward. Some protesters pushed me down, which caused him to fall too. The fall was sudden - when I opened my eyes, I saw everyone running. As I tried to get up, I saw someone in blue uniform and helmet charging towards us, swinging a baton.""**

The guilt weighs heavily on Ka-ping's conscience. **""My biggest regret is that my brother was behind me. If I hadn't fallen, he wouldn't have fallen either,""** he says, blaming himself for his brother's arrest.

But Ka-ching sees it differently. ""If I had walked away, I would have regretted it deeply. He fell right in front of me, and within a second or two, I fell too. **Yes, I might have had a chance to escape if I hadn't helped him, but if I had chosen to abandon him, I would have regretted it forever.** In that moment, there wasn't even time to think.""

During the interview, the twins offered raw, unfiltered descriptions of each other that cut to the core of their relationship. **The younger Ka-ping characterizes his brother as ""simple-minded but principled, stubborn, and socially awkward"" (""æˆ‡å±…ã€æœ‰åŸå‰‡ã€ç¡¬é ¸ã€ç¤¾äº¤èƒ½åŠ›å·®""). Ka-ching, in turn, describes his younger brother as ""brave, undisciplined, impulsive, and all talk"" (""å‹‡æ•¢ã€ç„¡äº¤å¸¶ã€è¡å‹•ã€æ­»å‰©æŠŠå£"").** These candid assessments, heard by each brother for the first time, speak to the unvarnished honesty of their relationship.

[An intimate moment between the Dai twins. \(Photo source: HK City Creation\)](https://preview.redd.it/s39kajuefnyd1.png?width=1440&format=png&auto=webp&s=38f5bb0e36e334bb503574f0c1da27b5bd37fe7d)

Five Years in Limbo: A Lost Youth

**""Initially, I just wanted to do well in DSE, complete my student union term, make it to my birthday, to my girlfriend's birthday... who would have thought the final judgment date would fall on my father's birthday. Life plays cruel jokes,""** Ka-ping reflects. Beyond these personal milestones, he once dreamed of becoming the youngest Legislative Council member in history - a childhood aspiration now suspended in time.

**""What has this case done to me? It has destroyed everything - making any future planning impossible,""** Ka-ping says, clutching his head in visible distress.

**""I'm afraid Hong Kong will become a place I can no longer accept... Maybe when I come out, there will be things I won't be able to speak about anymore. I don't know how long I'll have to wait before I can speak freely again,""** Ka-ping shares, his concerns focused not on his own fate but on his city's future.

Despite these fears, he maintains his resolve to stay: **""I believe destiny can be changed. Maybe this time we'll have to wait longer, but we can still try to do limited things within limited space, trying our best to protect this place. Even if we have to leave, don't forget this place.""**

# Final Moments of Freedom

On the day of the verdict, Ka-ping arrived at court more than an hour early, taking photos with family, friends, and university colleagues. When the guilty verdict was announced, he nodded slightly, then turned to the public gallery, forcing himself to smile while holding both sides of his mouth. During the 15-minute recess that followed, when his family and friends were not present, witnesses say he wept, repeatedly wiping his eyes before returning to face the court.

[Dai Ka-ping \(left\) and Dai Ka-ching \(right\) share many common interests, including taekwondo and football. \(Photo source: HK City Creation\)](https://preview.redd.it/5hm3du1qfnyd1.png?width=1440&format=png&auto=webp&s=ba82f76f7d106a8f42446819b6f8676c5388877d)

**""Our political enlightenment came from our father,""** Ka-ping reveals. **""Since we were young, we would hear him talk about 'Long Hair' Leung Kwok-hung and Wong Yuk-man.""**

# ""I'm not sorry to society,"" Ka-ping states with conviction. ""I'm sorry to my family. They shouldn't have to suffer like this."" His brother adds with characteristic stoicism, ""I'm just going to live somewhere else for a while. We need to face what's coming with calmness and courage.""

In his mitigation letter to the judge, Ka-ping wrote that his concern for politics and participation in protests, even the actions that led to this case, all stemmed from his love for Hong Kong. **""Don't give yourself too much to think about, keep yourself busy,""** was the advice given by his mentor, former Democratic Party chairwoman Emily Lau (åŠ‰æ…§å¿). He thanked not only his loved ones but also himself for managing to live well in the present moment.

While Ka-ping expressed remorse to his family, across social media platforms and comment sections, many Hong Kongers suggested that it was society that had failed its young people. The twins' story - from their arrest at 14 to their sentencing at 20 - has become, for many, a symbol of a generation's lost youth.

[With a brave smile and raised hand, Dai Ka-ping waves goodbye outside the courthouse hours before receiving his verdict, marking one of his final moments of freedom. \(Photo source: The Collective\)](https://preview.redd.it/xr6dntx6gnyd1.png?width=1024&format=png&auto=webp&s=ee8550b1d960dd944419bba1e7f287d29366e000)

Context: The Training Centre System

While the judge's decision to send the twins to a training centre rather than prison was presented as a more lenient option considering their youth, Hong Kong's training centre system has faced scrutiny. The centres, which accept offenders between 14 and 20 years old, emphasize discipline and vocational training, with detention periods capped at three years.

According to accounts from former inmates and staff featured in the 2017 Hong Kong film ""With Prisoners"" (åŒå›š), conditions in these facilities can be particularly challenging for young offenders. The centres operate under a strict disciplinary regime that some critics argue may be more demanding than adult prisons.

The exact duration of detention is determined by the correctional services chief, and those released may be subject to three years of supervision, including mandatory curfews and reporting requirements.

Video interview by ""HK City Creation"" (å¤§åŸèªŒ): [https://www.youtube.com/watch?v=zOj7grgECUw](https://www.youtube.com/watch?v=zOj7grgECUw)

Source 1: [https://hkcitycreation.com/2024/11/01/é²ä¾†å¯©åˆ¤äººç”Ÿåœæ“ºæ¼‚æµ%e3%80%80æ‚£é›£èˆ‡å…±å…©å…„å¼Ÿ%e3%80%80è¢«å·èµ°/](https://hkcitycreation.com/2024/11/01/é²ä¾†å¯©åˆ¤äººç”Ÿåœæ“ºæ¼‚æµ%e3%80%80æ‚£é›£èˆ‡å…±å…©å…„å¼Ÿ%e3%80%80è¢«å·èµ°/)

Source 2: [https://www.inmediahk.net/node/ç¤¾é‹/ã€å°ˆè¨ªæˆ´å˜‰å¹³ã€‘æ›¾å¤¢æƒ³ç•¶æœ€å¹´è¼•è­°å“¡-çºç¹äº”å¹´åˆ¤å…¥æ•™å°æ‰€-æ´»å¥½ç•¶ä¸‹çš„å€’æ•¸å¼æˆé•·](https://www.inmediahk.net/node/ç¤¾é‹/ã€å°ˆè¨ªæˆ´å˜‰å¹³ã€‘æ›¾å¤¢æƒ³ç•¶æœ€å¹´è¼•è­°å“¡-çºç¹äº”å¹´åˆ¤å…¥æ•™å°æ‰€-æ´»å¥½ç•¶ä¸‹çš„å€’æ•¸å¼æˆé•·)

Background about Training Centre: [https://www.inmediahk.net/ç”Ÿæ´»/ã€ŠåŒå›šã€‹ï¼šæ‰­æ›²äººæ€§çš„æ‡²æ•™åˆ¶åº¦](https://www.inmediahk.net/ç”Ÿæ´»/ã€ŠåŒå›šã€‹ï¼šæ‰­æ›²äººæ€§çš„æ‡²æ•™åˆ¶åº¦)",1730623569.0,28
Best place to buy sneakers?,1gihagk,"Planning on visiting Hong Kong soon and as a sneaker head I want to know where to best buy legit sneakers like Kobes and New Balance made in US/UK

",1730617463.0,0
Octopus card top up for tourist,1gi88np,"Hi, im a tourist in HK
Is there anyway to top up octopus card without cash for tourist?
I have Australian debit card, credit card, and wise card
",1730586637.0,7
Visting HK for few days - Will Ali Express deliver to hotels?,1gi0f6f,"Hey!

I wanted to know if Ali Express delivers to hotels in HK and what would be the ETA?  
Also will there be import duties which needs to be paid in some form other than placing order at Ali Express?

Thanks in advance!",1730565247.0,0
Dehumidifier recommendations please!,1ghyl8v,"I'm shopping around for a dehumidifier, as I've been regularly told it's a must have for spring and summer (I just moved to HK). I've been told that Panasonic is decent brand, but it does seem a bit pricey compared to other ones. Is LG any good, I would appreciate all recommendations :)

Edit: Thanks everyone for the helpful comments",1730560283.0,0
Hong Kong Cinema's Self-Censorship Era: Veteran Director Johnnie To Breaks Silence in Landmark Interview,1ghxznh,"**Hong Kong Cinema's Self-Censorship Era: Veteran Director Johnnie To Breaks Silence in Landmark Interview**

[Source: BBC \(https:\/\/www.youtube.com\/watch?v=SvqZc7S9D24\)](https://preview.redd.it/5p7gb27j0iyd1.png?width=1910&format=png&auto=webp&s=ff8666d020f60eb86a7738900eea29cac14a7052)

In a powerful and revealing interview with BBC News Cantonese, Johnnie To (æœçªå³¯), one of Hong Kong's most celebrated filmmakers and a director who has earned international acclaim including recognition at Cannes, Venice, and Berlin film festivals, has offered an unprecedented glimpse into Hong Kong's changing cultural landscape and the realities of filmmaking under increasing constraints.

The veteran filmmaker, whose illustrious career spans over four decades and includes critical successes like ""Election,"" ""Breaking News,"" and ""Drug War,"" finds himself at what he describes as **""the lowest point in my life""** (""æœ€è¿‘éƒ½æ˜¯æˆ‘äººç”Ÿæœ€ä½æ½®çš„æ™‚å€™""). Having built a reputation for exploring themes of friendship, fate, and Hong Kong's evolving society, Johnnie To now faces profound creative challenges.

He spoke candidly about the loss of artistic freedom: **""I feel there's no soul now, including both myself and Hong Kong""** (""æˆ‘è¦ºå¾—ç¾åœ¨æ²’æœ‰éˆé­‚ï¼ŒåŒ…æ‹¬æˆ‘å’Œé¦™æ¸¯éƒ½æ²’æœ‰äº†""). This crisis, he emphasized, stems from the erosion of **""human rights and freedom""** (""äººæ¬Šå’Œè‡ªç”±"").

When asked about topics filmmakers must avoid, Johnnie To responded with characteristic sharp insight: **""You know what? It's strange that you're asking me this,""** (""ä½ çŸ¥é“çš„ï¼Œä½ å•æˆ‘å¾ˆå¥‡æ€ª"") he remarked, before laying bare the reality of self-censorship: **""Why needlessly create confrontation? If you don't want to touch that red line, if you don't want to raise suspicions... then don't say too much about Hong Kong affairs""** (""ç„¡è¬‚ç›´æ¥å»è¡æ’ï¼Œä½ ä¸æƒ³ç¢°åˆ°é‚£æ¢ç´…ç·šï¼Œæˆ–è€…ä½ ä¸æƒ³æœ‰äº›è¢«æ‡·ç–‘çš„è©±ï¼Œä½ å°±ä¸è¦èªªé‚£éº¼å¤šï¼Œé—œæ–¼é¦™æ¸¯çš„äº‹"").

His advice was particularly telling: **""Don't talk too much regarding Hong Kong's current political situation - just make more romance films, family dramas instead""** (""ä½ å°±ä¸è¦èªªå¤ªå¤šï¼Œé—œæ–¼é¦™æ¸¯ç¾åœ¨æ”¿æ²»ä¸Šçš„äº‹ï¼Œä½ å°±å¤šèªªäº›æ„›æƒ…ï¼Œèªªäº›è¦ªæƒ…""). 

Johnnie To offered pointed criticism of current governance approaches: **""A government with confidence wouldn't do this. They have no confidence in the people, no confidence in society""** (""æœ‰ä¿¡å¿ƒçš„æ”¿åºœæœƒé€™æ¨£å—ï¼Ÿå°äººæ²’æœ‰ä¿¡å¿ƒï¼Œå°äººæ°‘æ²’æœ‰ä¿¡å¿ƒï¼Œå°ç¤¾æœƒæ²’æœ‰ä¿¡å¿ƒ""). He dismissed official displays of prosperity as superficial, stating **""Setting off fireworks pretending Hong Kong is prosperous - who are you trying to fool? Even grandma won't be fooled""** (""æ”¾ä¸‹ç…™èŠ±ç•¶é¦™æ¸¯å¾ˆç¹æ¦®ï¼Œä½ é¨™èª°å•Šï¼Œå©†å©†éƒ½é¨™ä¸äº†"").

Johnnie To reflected on Hong Kong's transition: **""In the 80s we talked about it, in the 90s we knew return to China was inevitable. What determined our future way of life? The Basic Law. I believed in the Basic Law,""** after a pause, he added with notable emphasis, **""I still believe in the original one""** (""æˆ‘è¦ºå¾—ï¼Œæˆ‘ç›¸ä¿¡åŸºæœ¬æ³•ï¼Œç¾åœ¨é‚„ç›¸ä¿¡ï¼ŒåŸä¾†é‚£å€‹""). 

Despite opportunities to work overseas, the renowned director maintains an unwavering commitment to Hong Kong cinema: **""I stick to filming in Hong Kong - how can I go elsewhere when I can't even fully grasp my own culture?""** (""æˆ‘é€£é¦™æ¸¯è‡ªå·±æˆé•·çš„åœ°æ–¹çš„æ–‡åŒ–ï¼Œæˆ‘éƒ½æ‰å¾—ä¸å¤ æº–ï¼Œæˆ‘æ€æœƒå»åˆ¥çš„åœ°æ–¹å­¸åˆ¥äººçš„æ±è¥¿""). This dedication comes at a personal cost, as he reveals: **""I keep writing and throwing away scripts - I don't even know how many I've discarded""** (""è®Šæˆæƒ³å®Œä¸€æ¬¡åˆæ‰”æ‰ï¼Œæƒ³å®Œä¸€æ¬¡åˆæ‰”æ‰ï¼Œéƒ½ä¸çŸ¥é“æ‰”äº†å¤šå°‘æ±è¥¿"").

The founder of independent production house Milkyway Image (éŠ€æ²³æ˜ åƒ) in 1996 described his current creative paralysis: **""I used to be very confident about my film concepts, but in recent years I've had many doubts""** (""æˆ‘ä»¥å‰å°æ§‹æ€ä¸Šï¼Œå°é›»å½±çš„ä¿¡å¿ƒå¾ˆå¼·ï¼Œé€™å¹¾å¹´æœƒè¦ºå¾—æœ‰å¾ˆå¤šæ‡·ç–‘""). He distinguished his current struggles from past challenges, noting **""My crisis isn't about money - I haven't lost my ideals due to poverty before, but now I've lost them""** (""ä»¥å‰æ²’æœ‰éŒ¢ï¼Œä¸æ˜¯ä»£è¡¨æ²’æœ‰äº†æˆ‘çš„ç†æƒ³ï¼Œç¾åœ¨æ˜¯æ²’æœ‰äº†"").

Johnnie To, who has served on juries at all three major international film festivals - Cannes, Venice, and Berlin, used a striking metaphor to describe the industry's current state: **""How can you fight against an elephant's foot when you're just an ant? If it steps on you, you're dead""** (""ä½ æ€æ¨£èƒ½å¤ é ‚å¾—ä½ä¸€éš»å¤§è±¡çš„è…³ï¼Œä½ åªæœ‰ä¸€éš»çŸ®çš„æ™‚å€™ï¼Œè¸©ä¸­å¿…æ­»"").

The interview comes at a critical juncture for Hong Kong cinema, as the industry grapples with new film censorship regulations and changing political dynamics. As a filmmaker known for his ability to work across genres and his distinctive style mixing realism with highly stylized elements, Johnnie To's current creative paralysis speaks to broader issues facing Hong Kong's cultural sector. **""In terms of industry and art, this is not a good era""** (""åœ¨å·¥æ¥­ä¸Šä¹Ÿå¥½ï¼Œè—è¡“ä¸Šä¹Ÿå¥½ï¼Œå„æ–¹é¢éƒ½ä¸æ˜¯ä¸€å€‹å¥½çš„æ™‚ä»£""), he observed.

While the struggles he describes are well-known within Hong Kong's film industry, Johnnie To's willingness to speak openly about these challenges makes him one of the most prominent figures to publicly address the creative constraints facing Hong Kong filmmakers today. His candid revelations carry particular weight given his stature in both local and international cinema. 

  
Source: [https://www.youtube.com/watch?v=SvqZc7S9D24](https://www.youtube.com/watch?v=SvqZc7S9D24)

*The hour-long interview, conducted in Cantonese and currently only available with Chinese subtitles on BBC News Chinese YouTube channel, has quickly gone viral, amassing over 190,000 views and reaching #17 on YouTube's trending list within just 13 hours of its release.*",1730558632.0,269
Why Indian grocery stores don't price tag their products?,1ghwe2u,"After a visit to a popular Indian Restaurant in Chungking Mansion, I decided to visit the  grocery stores on the ground floor to look for spices to up my curry cooking game. While we were looking around in 3 different stores we found that none of them put price tags on their products. At first we thought it might be because they were smaller so they didn't bother to do so. But the one we ended up buying from was large (also probably do wholesale business) and has a proper cash register with barcode scanner.

I bought several small bags like cumin powder after having confirmed the prices first with the cashier. Each of them costed around $12, which I thought was reasonable. But I still couldn't help but wondered if they might have two prices - one for regular Indian customers, one for non-Indian ""strays"" like me. Am I wrong to suspect that?

Having said that I would still be going back to shop there. This one has so many different spices and I want to try all of them.

https://preview.redd.it/exm95jkbphyd1.jpg?width=2000&format=pjpg&auto=webp&s=55b56f79949a8a14974ddd84a1ebc663aa2f6ee1",1730553961.0,53
Bruce Lee's Birthday in Hongkong ,1gh8gvf,"Bruce Lee's Birthday in Hongkong 

Hi, is anyone in Hongkong on  Bruce Lee's Birthday, this coming  November 27th and would like to meet up? Doing something like dinner, talk movies, martial arts etc. and visit the Bruce Lee Statue at the waterfront. ",1730475927.0,0
Is Yee Shun Milk Company still good? ,1ghuss5,"Craving some steamed milk dessert. My family says it's gone downhill in the recent years. Is it still good?? If it isn't, where is a good place to settle my cravings? ",1730548674.0,10
Hong Kong's Recent Crime Incidents Raise Public Safety Concerns,1ghu73d,"A series of violent incidents in the past week has sparked discussions about public safety in Hong Kong, challenging its reputation as one of Asia's safest cities.

* Aberdeen Market Hit: At Hong Kong's Aberdeen Market, a local fish vendor faced methodical intimidation from the triad after participating in a public bidding process for a vacant market stall in September. After ignoring the triad's demands to withdraw from the bid, the vendor's successful acquisition of the stall in early October triggered a characteristic triad response. At **2 AM** on November 1, two fish stalls were marked with **red paint - a signature triad intimidation ritual** \- during a calculated pre-dawn strike. Source: [https://hk.news.yahoo.com/é¦™æ¸¯ä»”è¡—å¸‚æª”ä¸»å› å…¬é–‹ç«¶æŠ•æ”¶æåš‡-å…©é­šæª”é­æ·‹ç´…æ²¹-è­¦æ‹˜51æ­²é»‘æ¼¢-061438430.html](https://hk.news.yahoo.com/%E9%A6%99%E6%B8%AF%E4%BB%94%E8%A1%97%E5%B8%82%E6%AA%94%E4%B8%BB%E5%9B%A0%E5%85%AC%E9%96%8B%E7%AB%B6%E6%8A%95%E6%94%B6%E6%81%90%E5%9A%87-%E5%85%A9%E9%AD%9A%E6%AA%94%E9%81%AD%E6%B7%8B%E7%B4%85%E6%B2%B9-%E8%AD%A6%E6%8B%9851%E6%AD%B2%E9%BB%91%E6%BC%A2-061438430.html)

https://preview.redd.it/5vuji63z1hyd1.png?width=914&format=png&auto=webp&s=11ba336539ef57403c85fe12a34dc204d4a6b004

* Nathan Road Knife Attack: A 39-year-old off-duty PTU sergeant became involved in a violent confrontation on Nathan Road when a South Asian man attempted to snatch his wallet at **1 AM**. After identifying himself as police, the officer was **attacked with a fruit knife** outside Wing On Centre, **sustaining five wounds**. The confrontation, captured on video, showed the attacker - who **spoke Cantonese** \- in a struggle with the bleeding officer while bystanders attempted to intervene. The injured officer was later treated at Queen Elizabeth Hospital. Source: [https://hk.news.yahoo.com/ä¼‘ç­ptuè­¦é•·å½Œæ•¦é“è¡—é ­é­æ¶éŠ€åŒ…-è¿½æˆªæ™‚èº«ä¸­5åˆ€æ»¿èº«é®®è¡€-è­¦æ‹˜å—äºåˆ€åŒª-æœ‰ç‰‡-071745915.html](https://hk.news.yahoo.com/%E4%BC%91%E7%8F%ADptu%E8%AD%A6%E9%95%B7%E5%BD%8C%E6%95%A6%E9%81%93%E8%A1%97%E9%A0%AD%E9%81%AD%E6%90%B6%E9%8A%80%E5%8C%85-%E8%BF%BD%E6%88%AA%E6%99%82%E8%BA%AB%E4%B8%AD5%E5%88%80%E6%BB%BF%E8%BA%AB%E9%AE%AE%E8%A1%80-%E8%AD%A6%E6%8B%98%E5%8D%97%E4%BA%9E%E5%88%80%E5%8C%AA-%E6%9C%89%E7%89%87-071745915.html)

https://preview.redd.it/puvtuyd72hyd1.png?width=1140&format=png&auto=webp&s=067cc2b6243679c707371ed9ba9bd7e45bca8722

* Vehicle Arson in Sheung Shui: A suspicious fire destroyed a private vehicle at Ching Long House, Ching Ho Estate (æ¸…æ²³é‚¨æ¸…æœ—æ¨“) in Sheung Shui during early morning hours. The **5 AM** blaze, reported by residents, **damaged two adjacent vehicles** before firefighters extinguished the flames. With no injuries reported and evidence suggesting **deliberate ignition**, the case has been classified as arson and criminal damage. Source: [https://hk.news.yahoo.com/ä¸Šæ°´æ¸…æ²³é‚¨ç§å®¶è»Šè¢«ç¸±ç«ç„šæ¯€-232410127.html](https://hk.news.yahoo.com/%E4%B8%8A%E6%B0%B4%E6%B8%85%E6%B2%B3%E9%82%A8%E7%A7%81%E5%AE%B6%E8%BB%8A%E8%A2%AB%E7%B8%B1%E7%81%AB%E7%84%9A%E6%AF%80-232410127.html)

https://preview.redd.it/8j490pq82hyd1.png?width=960&format=png&auto=webp&s=e0d369f4c06190f515e2669b2b1f6821034b50e8

* Tuen Mun Triad Assault at BBQ Party: At Long Ha Village (æœ—å»ˆæ‘), a triad group's late-night BBQ party escalated into violence when local residents complained about noise. **Ten gang members** from a Tuen Mun-based triad **attacked three villagers** who asked them to quiet down, then **fled without paying**. Two victims were hospitalized in the **1 AM** incident. The brazen attack at the BBQ site triggered an **extensive four-day anti-triad operation** across the New Territories. Source: [https://hk.news.yahoo.com/å±¯é–€é»‘å¹«bbqæ´¾å°è¢«æ–¥æ“¾äººæ¸…å¤¢-ååœæ¯†3æ‘æ°‘å…¼é£Ÿéœ¸ç‹é¤-è­¦é«˜å±¤éœ‡æ€’æ‹˜6äºº-æ´—å¤ªå¹³åœ°-031537738.html](https://hk.news.yahoo.com/%E5%B1%AF%E9%96%80%E9%BB%91%E5%B9%ABbbq%E6%B4%BE%E5%B0%8D%E8%A2%AB%E6%96%A5%E6%93%BE%E4%BA%BA%E6%B8%85%E5%A4%A2-%E5%8F%8D%E5%9C%8D%E6%AF%863%E6%9D%91%E6%B0%91%E5%85%BC%E9%A3%9F%E9%9C%B8%E7%8E%8B%E9%A4%90-%E8%AD%A6%E9%AB%98%E5%B1%A4%E9%9C%87%E6%80%92%E6%8B%986%E4%BA%BA-%E6%B4%97%E5%A4%AA%E5%B9%B3%E5%9C%B0-031537738.html)
* A **coordinated triad attack** at Pik Uk Prison (å£å±‹ç›£ç„): Three assailants armed with **long, hard objects** assault a correctional officer at a bus stop. The attackers fled in a car with **fake plates**. Police arrested **8 triad members** including a **16-year-old** and the **operation commander** (ages 16-37). Investigators ruled out personal motives and are examining possible links to the victim's work duties. Source: [https://hk.news.yahoo.com/è­¦æ–¹æ‹˜8äººæ¶‰æ‡²æ•™ç½²äººå“¡å£å±‹ç›£ç„å¤–é‡è¥²æ¡ˆ-å°‡èª¿æŸ¥æ˜¯å¦èˆ‡å·¥ä½œæœ‰é—œ-090853903.html](https://hk.news.yahoo.com/è­¦æ–¹æ‹˜8äººæ¶‰æ‡²æ•™ç½²äººå“¡å£å±‹ç›£ç„å¤–é‡è¥²æ¡ˆ-å°‡èª¿æŸ¥æ˜¯å¦èˆ‡å·¥ä½œæœ‰é—œ-090853903.html)",1730546311.0,98
NoBull in HK?,1ghst4u,"Hi All, a little niche but wondering if anyone knows where I can buy NoBull trainers in HK ğŸ¤·â€â™‚ï¸

Iâ€™ve checked all the regular spots like sneaker street etc. 

I bought my last pair from a little shop in Sheung Wan area about 8 years ago, but that place doesnâ€™t exist anymore ğŸ˜•",1730540255.0,0
Smoking in Hong Kong,1ghsee1,I've moved back to Hong Kong recently and there has been a few times where I've smelt weed in the streets in central. I use to smoke alot in the UK but have stopped since. The smell however has tempted me to get back into it. I know its illegal but do locals actually care that much if you smoke on the street? Where do people normally go to get contacts here? ,1730538284.0,0
Are there stores that sell AER Backpacks?,1ghsd3v,"Hi! Would like to know if there are AER stores, or stores that sell AER bags",1730538116.0,0
Payment and Reloading ,1ghsb3t,"I am from the UK and plan to be in HK for 3 weeks, family of 4 adults with andriod phones. 

When in Europe using euros I used Revolut. Easy to add GBP to my account and convert it to Euros to spend via the card. Can also convert the euros back to GBP. This method means no fees just the bank conversion rate.


I know I should get the Octopus card for each person. What is the best way to reload it? I have the app and trying to play with it but need the Octopus card and HK number to make it work fully. 

Has anyone used the revolut card loaded with HKD for payment? Is there a better travel money card. 

Dont want to use my local bank/credit card as it will charge me fees on each transaction. ",1730537872.0,1
Do Hong Kong Credit Cards Usually Offer Annual Fee Waiver? ,1ghrfrt,"Relocating to HK soon and in search for a good bank and credit card. I have been using DBS in Singapore for almost 20 years, and was considering this in HK as well, owing to some familiarity with the interfaces and apps. 

But just curious, do HK credit cards come with rewards similar to Singapore ones, and can they usually _waive_ the annual fee when it comes due? I know the question may sound stupid, but without the waiver, for me, it makes little sense to have a credit card to begin with. 

In particular, I am eyeing the DBS compass card, but recommendations welcome. 
",1730533606.0,1
How strict is hk express with personal baggage dimensions?,1ghr0nq,"I have a trip in 2 weeks and ive noticed i only have the ultra lite baggage option. It says 45x25x20 which is pretty small. 

I was planning to bring a backpack which is slightly bigger than this but for sure will not exceed 7kgs. Would it be accepted or do i have to purchase a checked in baggage? ",1730531591.0,1
