0,
taiwan,o
taipei,o
get,o
know,o
like,o
anyone,o
want,o
would,o
taiwanese,p
look,o
find,o
thanks,o
people,o
one,o
day,o
see,o
work,c
think,o
typhoon,c
taichung,c
try,o
plan,c
year,o
hello,o
time,o
take,o
need,o
thank,o
wonder,o
help,o
travel,c
experience,c
say,o
question,o
buy,o
really,o
ask,o
also,o
since,o
use,o
visit,c
come,o
around,o
week,o
make,o
event,c
next,o
city,c
lot,o
friend,o
school,o
online,o
place,c
chinese,p
good,o
kid,o
night,o
mandarin,p
sell,o
english,c
everyone,o
much,o
ntd,o
tell,o
food,c
open,o
something,o
guy,o
could,o
stay,o
curious,o
month,o
apply,o
share,o
thing,o
appreciate,o
license,o
park,c
currently,o
send,o
different,o
pay,c
country,p
hike,c
live,c
mean,o
world,p
suggestion,o
still,o
feel,o
another,o
new,o
love,o
apartment,c
able,o
speak,o
airport,c
learn,o
trip,c
visa,c
service,o
money,o
someone,o
card,o
back,o
university,c
power,o
taxi,o
safe,p
leave,p
old,o
check,o
give,o
advance,o
china,p
company,o
language,o
information,o
station,o
please,o
two,o
even,o
type,o
call,o
already,o
big,o
store,o
saw,o
many,o
kaohsiung,c
available,o
mart,c
possible,o
sure,o
group,o
meet,o
shoe,o
right,o
stuff,o
etc,o
family,o
name,o
arrive,c
start,o
address,o
luggage,c
japan,p
set,o
issue,p
google,o
shop,c
little,o
agency,c
recommendation,c
hospital,o
worth,o
talk,o
state,p
move,o
seem,o
best,o
recently,o
traditional,o
bus,o
scholarship,c
might,o
scooter,c
program,o
option,o
pretty,o
way,o
part,p
bring,o
tainan,c
hard,o
cost,o
end,o
well,o
never,o
common,o
ntu,o
father,o
hotel,c
consider,o
read,o
last,o
insurance,o
home,o
explore,c
process,o
train,o
anything,o
basic,o
coffee,c
pick,o
edit,o
without,o
run,p
first,o
medical,o
sub,o
friendly,o
long,o
student,o
phone,o
alishan,c
must,o
birthday,o
bit,o
tomorrow,o
anybody,o
passport,c
nice,o
stand,o
bank,o
related,o
interested,o
drive,o
others,o
happen,o
thread,o
foreigner,d
join,o
atm,o
couple,o
advice,o
ximending,d
requirement,o
term,o
cake,o
cheaper,o
deal,o
hualien,d
bag,o
mom,o
line,o
figure,o
release,o
master,o
away,o
kind,o
hear,o
social,o
price,o
ride,o
point,o
arrival,o
wait,o
sweet,o
support,o
view,o
sound,o
degree,o
great,o
number,o
create,o
include,o
direction,o
difference,o
plaza,o
kong,p
parent,o
app,o
receive,o
car,o
citizen,p
location,o
road,o
course,o
international,o
mrt,o
clinic,o
holiday,o
recommend,o
small,o
research,o
tourist,c
competition,o
spot,o
driver,o
foreign,c
free,o
sit,o
swim,o
video,o
island,p
chance,o
unsure,o
citizenship,p
digital,o
opportunity,o
important,o
dinner,o
national,p
return,o
fall,o
better,o
ago,o
weekend,o
every,o
