Id,Label,Forum
Bekah679872,Bekah679872,CN
THEVAGROWER,THEVAGROWER,CN
CatScreamsMum,CatScreamsMum,CN
Background-Rub-3017,Background-Rub-3017,CN
Mental-Rip-5553,Mental-Rip-5553,CN
angrykieran,angrykieran,CN
dawhim1,dawhim1,CN
Due_Radish8176,Due_Radish8176,CN
sggod89,sggod89,CN
ApprehensiveRule6283,ApprehensiveRule6283,CN
Igg1e_Pigg1e,Igg1e_Pigg1e,CN
SnapySapy,SnapySapy,CN
racesunite,racesunite,CN
TwoCentsOnTour,TwoCentsOnTour,CN
Wirrem,Wirrem,CN
phdguygreg,phdguygreg,CN
Fluffy-Steak-1516,Fluffy-Steak-1516,CN
Raised_by_Geece,Raised_by_Geece,CN
Deep_Caterpillar_574,Deep_Caterpillar_574,CN
bears-eat-beets,bears-eat-beets,CN
GordonNiu,GordonNiu,CN
Any-Veterinarian9312,Any-Veterinarian9312,CN
DisastrousAnswer9920,DisastrousAnswer9920,CN
Bid_gick_,Bid_gick_,CN
NoSpinach1082,NoSpinach1082,CN
Frostivus,Frostivus,CN
Speeder_mann,Speeder_mann,CN
raxdoh,raxdoh,CN
yawadnapupu_,yawadnapupu_,CN
Hide-Outside,Hide-Outside,CN
phanomenon,phanomenon,CN
Southern-Distance149,Southern-Distance149,CN
L__C___,L__C___,CN
Thrills-n-Frills,Thrills-n-Frills,CN
Duck_999,Duck_999,CN
Fragrant_Secret6936,Fragrant_Secret6936,CN
bingchilling-69,bingchilling-69,CN
GunnerSince02,GunnerSince02,CN
want-to-say-this,want-to-say-this,CN
WideElderberry5262,WideElderberry5262,CN
Whammy_Watermelon,Whammy_Watermelon,CN
thegmoc,thegmoc,CN
ClassOf1685,ClassOf1685,CN
Background-Ad-1855,Background-Ad-1855,CN
Equivalent_Piano_801,Equivalent_Piano_801,CN
kylethesnail,kylethesnail,CN
wellofworlds,wellofworlds,CN
Shootshitout,Shootshitout,CN
TopAncient1639,TopAncient1639,CN
BrianOfBrian,BrianOfBrian,CN
Elegant_Opinion_7088,Elegant_Opinion_7088,CN
irish-riviera,irish-riviera,CN
Rude-Series-6905,Rude-Series-6905,CN
beijingmanny,beijingmanny,CN
bloomberg,bloomberg,CN
HistoryGremlin,HistoryGremlin,CN
invest2018,invest2018,CN
TheTerribleInvestor,TheTerribleInvestor,CN
mraafh11,mraafh11,CN
The-OverThinker-23,The-OverThinker-23,CN
falsemessiah1999,falsemessiah1999,CN
RealityHasArrived89,RealityHasArrived89,CN
3d_extra,3d_extra,CN
Complete_Patience244,Complete_Patience244,CN
HarambeTenSei,HarambeTenSei,CN
Grand-Risk-8577,Grand-Risk-8577,CN
JohnSith,JohnSith,CN
bernzyman,bernzyman,CN
Several-Advisor5091,Several-Advisor5091,CN
xxiii1800,xxiii1800,CN
RussoRoma,RussoRoma,CN
Nopengnogain,Nopengnogain,CN
Training_Guide5157,Training_Guide5157,CN
hegginses,hegginses,CN
FlatAd768,FlatAd768,CN
Turn-Ambitious,Turn-Ambitious,CN
rootsongjc,rootsongjc,CN
CapableSherbert6807,CapableSherbert6807,CN
FanZhi01,FanZhi01,CN
hellengine,hellengine,CN
Archeur76,Archeur76,CN
tameinatrit,tameinatrit,CN
HungryAddition1,HungryAddition1,CN
MyLoveKara,MyLoveKara,CN
friedchicken888999,friedchicken888999,CN
DEdwardPossum,DEdwardPossum,CN
Biggie8000,Biggie8000,CN
andrews_fs,andrews_fs,CN
imnotyourbaby5,imnotyourbaby5,CN
Hargelbargel,Hargelbargel,CN
BlortTrolb,BlortTrolb,CN
LouDiPhilla,LouDiPhilla,CN
Snoo_64233,Snoo_64233,CN
Strong_Associate962,Strong_Associate962,CN
DarthFluttershy_,DarthFluttershy_,CN
eternalmortal,eternalmortal,CN
vaheqelyan,vaheqelyan,CN
Lazy_Data_7300,Lazy_Data_7300,CN
RichardtheGingerBoss,RichardtheGingerBoss,CN
Panda_wzwA,Panda_wzwA,CN
Own-Jellyfish6706,Own-Jellyfish6706,CN
tenzindolma2047,tenzindolma2047,CN
Halfmoonhero,Halfmoonhero,CN
retired-at-34,retired-at-34,CN
panda1491,panda1491,CN
AmericanBornWuhaner,AmericanBornWuhaner,CN
woolcoat,woolcoat,CN
TriadS-_-,TriadS-_-,CN
YTY2003,YTY2003,CN
LeadingResearch,LeadingResearch,CN
export_basketball,export_basketball,CN
MoonMageMiyuki,MoonMageMiyuki,CN
drumparty12,drumparty12,CN
mr_wetape,mr_wetape,CN
SeniorTomatillo7669,SeniorTomatillo7669,CN
rebb_hosar,rebb_hosar,CN
lr_420,lr_420,CN
ZaxOnTheBlock,ZaxOnTheBlock,CN
whyislifesohardei,whyislifesohardei,CN
doubGwent,doubGwent,CN
asnbud01,asnbud01,CN
CableAltruistic5483,CableAltruistic5483,CN
nikatnight,nikatnight,CN
aznkl,aznkl,CN
TopCamp,TopCamp,CN
Fragrant_Bid_8123,Fragrant_Bid_8123,CN
Immediate-Poet-9371,Immediate-Poet-9371,CN
FSpursy,FSpursy,CN
SnadorDracca,SnadorDracca,CN
phoboid,phoboid,CN
IntlDogOfMystery,IntlDogOfMystery,CN
iFoegot,iFoegot,CN
Evidencebasedbro,Evidencebasedbro,CN
r2d3x9,r2d3x9,CN
1m2q6x0s,1m2q6x0s,CN
Hypnobird,Hypnobird,CN
6SIG_TA,6SIG_TA,CN
JmeplaysVR,JmeplaysVR,CN
Xatrixer,Xatrixer,CN
ThierryHD,ThierryHD,CN
KnightOnAPony,KnightOnAPony,CN
Specific_Today_9570,Specific_Today_9570,CN
proxiiiiiiiiii,proxiiiiiiiiii,CN
super_fokiu,super_fokiu,CN
OxycodoneHCL30mgER,OxycodoneHCL30mgER,CN
Neat_Efficiency_5762,Neat_Efficiency_5762,CN
cheeza51percent,cheeza51percent,CN
Alusch1,Alusch1,CN
AzrielJohnson,AzrielJohnson,CN
Malsperanza,Malsperanza,CN
Wheels2fun,Wheels2fun,CN
Character_Affect_382,Character_Affect_382,CN
aronenark,aronenark,CN
ImpressiveAdvisor803,ImpressiveAdvisor803,CN
esotericwaffle,esotericwaffle,CN
Kaito__1412,Kaito__1412,CN
viper29000,viper29000,CN
Ltrgman,Ltrgman,CN
ivytea,ivytea,CN
canny-xiehong,canny-xiehong,CN
voyagerdoge,voyagerdoge,CN
Realistic-Lie-8031,Realistic-Lie-8031,CN
nerdspasm,nerdspasm,CN
beoskowks1,beoskowks1,CN
Hefty_Winner8226,Hefty_Winner8226,CN
dallascyclist,dallascyclist,CN
Hederanomics,Hederanomics,CN
yxj8532,yxj8532,CN
AutumnAscending,AutumnAscending,CN
Elegant_Dimension830,Elegant_Dimension830,CN
Agitated-Car-8714,Agitated-Car-8714,CN
ActiveProfile689,ActiveProfile689,CN
Dazzling_Intern9456,Dazzling_Intern9456,CN
JacksterTrackster,JacksterTrackster,CN
Mimysse,Mimysse,CN
tankarasa,tankarasa,CN
Appropriate-Role9361,Appropriate-Role9361,CN
alexceltare2,alexceltare2,CN
ubcstaffer123,ubcstaffer123,CN
CoffeeDrinkerMao,CoffeeDrinkerMao,CN
Printdatpaper,Printdatpaper,CN
gggreddit789,gggreddit789,CN
Economy-Inspector-69,Economy-Inspector-69,CN
ni-hao-r-u,ni-hao-r-u,CN
eaglesman217,eaglesman217,CN
A-Perfect-Freedom,A-Perfect-Freedom,CN
jackbethimble,jackbethimble,CN
dondeestalaenhe,dondeestalaenhe,CN
jianbinmrg,jianbinmrg,CN
luxibuzhuji,luxibuzhuji,CN
Tranxio,Tranxio,CN
komali_2,komali_2,CN
kenlbear,kenlbear,CN
takeitchillish,takeitchillish,CN
Needlemons,Needlemons,CN
UltimateSkyDweller,UltimateSkyDweller,CN
Gloomy_Breakfast2513,Gloomy_Breakfast2513,CN
FoW_Completionist,FoW_Completionist,CN
fury_ke,fury_ke,CN
plenty-sunshine1111,plenty-sunshine1111,CN
by0515,by0515,CN
maryli05,maryli05,CN
sabot00,sabot00,CN
Kharanet,Kharanet,CN
A121314151,A121314151,CN
DMV2PNW,DMV2PNW,CN
Biggu5Dicku5,Biggu5Dicku5,CN
uniedi,uniedi,CN
tp0c6569,tp0c6569,CN
LotusinPhoenix,LotusinPhoenix,CN
jeremiahpaschkewood,jeremiahpaschkewood,CN
LaoAhPek,LaoAhPek,CN
Honest-Opinion-5771,Honest-Opinion-5771,CN
TheepDinker2000,TheepDinker2000,CN
MensaCurmudgeon,MensaCurmudgeon,CN
DataSittingAlone,DataSittingAlone,CN
Reasonable-Sweet9320,Reasonable-Sweet9320,CN
YouthOfTheNation1,YouthOfTheNation1,CN
MarionBerry-Precure,MarionBerry-Precure,CN
Ambitious_Ad9539,Ambitious_Ad9539,CN
McXiongMao,McXiongMao,CN
IdiotMagnet826,IdiotMagnet826,CN
alexgjy,alexgjy,CN
redditkhan0,redditkhan0,CN
Sudden-Stop-4044,Sudden-Stop-4044,CN
Theoldage2147,Theoldage2147,CN
Harbulary-Bandit,Harbulary-Bandit,CN
UnusualBees,UnusualBees,CN
Johnny-infinity,Johnny-infinity,CN
fhfkskxmxnnsd,fhfkskxmxnnsd,CN
East_Construction385,East_Construction385,CN
Wikihover,Wikihover,CN
gametheorista,gametheorista,CN
WastrelWink,WastrelWink,CN
Far_Health_3214,Far_Health_3214,CN
Fuzzy-Brush3691,Fuzzy-Brush3691,CN
cammello1234,cammello1234,CN
SupremeDing,SupremeDing,CN
MaxMillion888,MaxMillion888,CN
StrictAdvance5497,StrictAdvance5497,CN
Mediocre_Fuel7954,Mediocre_Fuel7954,CN
schmaidan,schmaidan,CN
ionetic,ionetic,CN
cowabungalowvera,cowabungalowvera,CN
Ok_Beyond3964,Ok_Beyond3964,CN
Danobex,Danobex,CN
Prize-Salamander2744,Prize-Salamander2744,CN
dufutur,dufutur,CN
Professional_Bread75,Professional_Bread75,CN
Far-Possession5824,Far-Possession5824,CN
fengxia41103,fengxia41103,CN
KaramAfr0,KaramAfr0,CN
CoherentPanda,CoherentPanda,CN
fountiansam,fountiansam,CN
Jedi_Lazlo,Jedi_Lazlo,CN
the314159man,the314159man,CN
justwalk1234,justwalk1234,CN
RiverTeemo1,RiverTeemo1,CN
Glass-Work-1696,Glass-Work-1696,CN
solarcat3311,solarcat3311,CN
shutupshirley,shutupshirley,CN
tidal_flux,tidal_flux,CN
dib2,dib2,CN
r2994,r2994,CN
Wolffe4321,Wolffe4321,CN
QuitNo1454,QuitNo1454,CN
talos1279,talos1279,CN
medinadev_com,medinadev_com,CN
MomaSone,MomaSone,CN
Acehigh7777,Acehigh7777,CN
SaqqaraTheGuy,SaqqaraTheGuy,CN
DblQtrPounda,DblQtrPounda,CN
azagoratet,azagoratet,CN
Zoggydarling,Zoggydarling,CN
SiggyMa2266,SiggyMa2266,CN
leesan177,leesan177,CN
Most-Relief-1061,Most-Relief-1061,CN
CrimsonBolt33,CrimsonBolt33,CN
frayala87,frayala87,CN
bugzpodder,bugzpodder,CN
AwkwardAmphibian9487,AwkwardAmphibian9487,CN
BigChicken8666,BigChicken8666,CN
noodles1972,noodles1972,CN
orkdorkd,orkdorkd,CN
zoro472,zoro472,CN
corn_person,corn_person,CN
Mikebruhface,Mikebruhface,CN
vonhugenshlong,vonhugenshlong,CN
hermansu,hermansu,CN
LappOfTheIceBarrier,LappOfTheIceBarrier,CN
Organic_Challenge151,Organic_Challenge151,CN
jhill9901,jhill9901,CN
walterfalls,walterfalls,CN
Ongiebungie,Ongiebungie,CN
shimisi213,shimisi213,CN
AnAnnoyedSpectator,AnAnnoyedSpectator,CN
Leaper229,Leaper229,CN
Kind-Ad-6099,Kind-Ad-6099,CN
the_enemy_is_within,the_enemy_is_within,CN
Empty-Nail-5075,Empty-Nail-5075,CN
HWTseng,HWTseng,CN
travelmore1997,travelmore1997,CN
FlavivsAntonivs,FlavivsAntonivs,CN
SongFeisty8759,SongFeisty8759,CN
GynecologicalSushi,GynecologicalSushi,CN
awowowowo,awowowowo,CN
frugalacademic,frugalacademic,CN
Equivalent_Rise7859,Equivalent_Rise7859,CN
Own-Friendship-4816,Own-Friendship-4816,CN
Unlucky_Vegetable576,Unlucky_Vegetable576,CN
Comfortable_Mistake8,Comfortable_Mistake8,CN
phracon,phracon,CN
Academic_Dealer_177,Academic_Dealer_177,CN
Legitimate-Life8143,Legitimate-Life8143,CN
Desperate-Hearing-55,Desperate-Hearing-55,CN
n0v0cane,n0v0cane,CN
BLeafF,BLeafF,CN
Firm_Calligrapher_63,Firm_Calligrapher_63,CN
Chaoticam19,Chaoticam19,CN
Wooden-Agency-2653,Wooden-Agency-2653,CN
No_Value_7653,No_Value_7653,CN
poorsmells,poorsmells,CN
biggmonk,biggmonk,CN
Worldly-Treat916,Worldly-Treat916,CN
-Riskbreaker-,-Riskbreaker-,CN
EC_Stanton_1848,EC_Stanton_1848,CN
Rubytux,Rubytux,CN
swordofgiant,swordofgiant,CN
xjpmhxjo,xjpmhxjo,CN
assets_coldbrew1992,assets_coldbrew1992,CN
Strongbow85,Strongbow85,CN
phanny_Ramierez,phanny_Ramierez,CN
Killzzone,Killzzone,CN
That-Jelly6305,That-Jelly6305,CN
CT1107SEV,CT1107SEV,CN
Breloren,Breloren,CN
quiet-map-drawer,quiet-map-drawer,CN
jondoe3338,jondoe3338,CN
Stunning_Pen_8332,Stunning_Pen_8332,CN
thaiboxing102,thaiboxing102,CN
Beneficial-Top616,Beneficial-Top616,CN
sargon3444,sargon3444,CN
LegoPirateShip,LegoPirateShip,CN
Ok_Jacket_1311,Ok_Jacket_1311,CN
Accurate_Ad4601,Accurate_Ad4601,CN
rvlh,rvlh,CN
Johnnyhiredfff,Johnnyhiredfff,CN
Whereishumhum-,Whereishumhum-,CN
DigitalZelig,DigitalZelig,CN
Nice-Yak-1936,Nice-Yak-1936,CN
Impressive-Bit6161,Impressive-Bit6161,CN
Historical-Place8997,Historical-Place8997,CN
el_shamank,el_shamank,CN
No_Bowler9121,No_Bowler9121,CN
Informal_Funeral,Informal_Funeral,CN
Hust1erHan,Hust1erHan,CN
curiousinshanghai,curiousinshanghai,CN
zuisei,zuisei,CN
Comfortable-Bat6739,Comfortable-Bat6739,CN
glsantoso11,glsantoso11,CN
necropuddi,necropuddi,CN
aloudasian,aloudasian,CN
Massivefivehead,Massivefivehead,CN
SnooDoggos2324,SnooDoggos2324,CN
truffles76,truffles76,CN
pandahunter101,pandahunter101,CN
No-Lingonberry-2173,No-Lingonberry-2173,CN
WestSoCoast,WestSoCoast,CN
Calm_Distribution727,Calm_Distribution727,CN
Constant-Ad6167,Constant-Ad6167,CN
MukdenMan,MukdenMan,CN
Parkrangingstoicbro,Parkrangingstoicbro,CN
moa_rider,moa_rider,CN
Synticullous,Synticullous,CN
fedroxx,fedroxx,CN
lukelu0520,lukelu0520,CN
ironforger52,ironforger52,CN
MLG_Ethereum,MLG_Ethereum,CN
gavin11223,gavin11223,CN
A_Marvelous_Gem,A_Marvelous_Gem,CN
cozy_cardigan,cozy_cardigan,CN
ThrustmasterPro,ThrustmasterPro,CN
Horsemen208,Horsemen208,CN
Rampaging_Bunny,Rampaging_Bunny,CN
Quiet_Remote_5898,Quiet_Remote_5898,CN
yelo777,yelo777,CN
Griffindance,Griffindance,CN
Educational_Can3720,Educational_Can3720,CN
jilinlii,jilinlii,CN
ingridthesnowman,ingridthesnowman,CN
sargon666,sargon666,CN
AUG___,AUG___,CN
owenzane,owenzane,CN
kyoby1982,kyoby1982,CN
Akalin123,Akalin123,CN
wolfofballstreet1,wolfofballstreet1,CN
meaniesg,meaniesg,CN
stegg88,stegg88,CN
Cultivate88,Cultivate88,CN
Afandur,Afandur,CN
FitLet2786,FitLet2786,CN
princemousey1,princemousey1,CN
McFatty7,McFatty7,CN
Let_us_flee,Let_us_flee,CN
NxPat,NxPat,CN
leo_9876,leo_9876,CN
smu_d,smu_d,CN
ilisibisi,ilisibisi,CN
Mister_Green2021,Mister_Green2021,CN
RickestMorty-_-,RickestMorty-_-,CN
AskALettuce,AskALettuce,CN
kullwarrior,kullwarrior,CN
truthteller23413,truthteller23413,CN
kaisong,kaisong,CN
klaus-4,klaus-4,CN
Bubbly_Chicken_9714,Bubbly_Chicken_9714,CN
lonewalker1992,lonewalker1992,CN
JelloFeeling1130,JelloFeeling1130,CN
hd_marketing,hd_marketing,CN
AravRAndG,AravRAndG,CN
whitel5177,whitel5177,CN
bdknight2000,bdknight2000,CN
Vast_Cricket,Vast_Cricket,CN
czulsk,czulsk,CN
BurnBabyBurrrn,BurnBabyBurrrn,CN
AerieStrict7747,AerieStrict7747,CN
jycreddit,jycreddit,CN
leegiovanni,leegiovanni,CN
ubiquitous_anal,ubiquitous_anal,CN
MichaelStone987,MichaelStone987,CN
chimugukuru,chimugukuru,CN
lockrc23,lockrc23,CN
Careful-Night3371,Careful-Night3371,CN
Washfish,Washfish,CN
w1na,w1na,CN
YokiDokey181,YokiDokey181,CN
Able-Worldliness8189,Able-Worldliness8189,CN
supertucci,supertucci,CN
Mrtvejmozek,Mrtvejmozek,CN
segom0,segom0,CN
Ok-Worth-6822,Ok-Worth-6822,CN
dcmng,dcmng,CN
Old-Extension-8869,Old-Extension-8869,CN
Jamiquest,Jamiquest,CN
CMDR_Shepard7,CMDR_Shepard7,CN
Hammakprow,Hammakprow,CN
AceTaffy18,AceTaffy18,CN
No_Management3799,No_Management3799,CN
rofio01,rofio01,CN
Deuteronomy93,Deuteronomy93,CN
Elani77,Elani77,CN
jkatarn,jkatarn,CN
wordwildweb,wordwildweb,CN
fuddingmuddler,fuddingmuddler,CN
NightCapital1782,NightCapital1782,CN
blacklotusY,blacklotusY,CN
Ahoramaster,Ahoramaster,CN
Dundertrumpen,Dundertrumpen,CN
Legitimate_Big_9876,Legitimate_Big_9876,CN
TSeral,TSeral,CN
ShanghaiNoon404,ShanghaiNoon404,CN
Potential_Block4598,Potential_Block4598,CN
Rocinante8,Rocinante8,CN
Drednox,Drednox,CN
extopico,extopico,CN
CrimsonTightwad,CrimsonTightwad,CN
Xenon1898,Xenon1898,CN
Sct_Brn_MVP,Sct_Brn_MVP,CN
DrakeAU,DrakeAU,CN
UnPersonalDecision,UnPersonalDecision,CN
Volodimica,Volodimica,CN
Natural_Trash772,Natural_Trash772,CN
nhirayama,nhirayama,CN
znikk,znikk,CN
DaoNight23,DaoNight23,CN
Humacti,Humacti,CN
H_A_K,H_A_K,CN
rmp20002000,rmp20002000,CN
ftrlvb,ftrlvb,CN
Psychological_Age949,Psychological_Age949,CN
Chinksta,Chinksta,CN
ImplementResident0,ImplementResident0,CN
elu9916,elu9916,CN
gaoshan,gaoshan,CN
davster99,davster99,CN
Dear-Measurement-907,Dear-Measurement-907,CN
xoRomaCheena31,xoRomaCheena31,CN
EsdrasCaleb,EsdrasCaleb,CN
Frequent_Daddy,Frequent_Daddy,CN
IncidentHead8129,IncidentHead8129,CN
Dazzling-Rule-9740,Dazzling-Rule-9740,CN
15142,15142,CN
TrippyTheO,TrippyTheO,CN
Lost_Mango_3404,Lost_Mango_3404,CN
Ktjoonbug,Ktjoonbug,CN
vivianhtlee,vivianhtlee,CN
LowerGiraffe1847,LowerGiraffe1847,CN
Dolphincharmer,Dolphincharmer,CN
heels_n_skirt,heels_n_skirt,CN
HirokoKueh,HirokoKueh,CN
deathbystools,deathbystools,CN
lacyboy247,lacyboy247,CN
UndeadRedditing,UndeadRedditing,CN
modsaretoddlers,modsaretoddlers,CN
enersto,enersto,CN
Technical-Key5066,Technical-Key5066,CN
hagrid2018,hagrid2018,CN
Ok-Yoghurt7958,Ok-Yoghurt7958,CN
dleelimbu,dleelimbu,CN
rum108,rum108,CN
iloveBB_84,iloveBB_84,CN
DeepCluckingValue,DeepCluckingValue,CN
Bluntz_with_Satan,Bluntz_with_Satan,CN
Toby_Forrester,Toby_Forrester,CN
SlideAny4997,SlideAny4997,CN
Hopfrogg,Hopfrogg,CN
CiaphasCain8849,CiaphasCain8849,CN
kryotheory,kryotheory,CN
kai_rui,kai_rui,CN
Informal_Air_5026,Informal_Air_5026,CN
EntertainmentTop1692,EntertainmentTop1692,CN
InsufferableMollusk,InsufferableMollusk,CN
DeadBloatedGoat,DeadBloatedGoat,CN
random_agency,random_agency,CN
hyerblade786,hyerblade786,CN
Flimsy-Donut8718,Flimsy-Donut8718,CN
SunnySaigon,SunnySaigon,CN
Uchi_Jeon,Uchi_Jeon,CN
ylatrain,ylatrain,CN
DrPepper77,DrPepper77,CN
WachstuchmEorhtendsa,WachstuchmEorhtendsa,CN
RhombusCat,RhombusCat,CN
EmberLeighJoy,EmberLeighJoy,CN
intelektualas,intelektualas,CN
peathah,peathah,CN
DruPeacock23,DruPeacock23,CN
commanche_00,commanche_00,CN
Sill_Dill,Sill_Dill,CN
godfather-ww,godfather-ww,CN
CQscene,CQscene,CN
petereddit6635,petereddit6635,CN
DaimonHans,DaimonHans,CN
Impalmator,Impalmator,CN
nyanmunchkins,nyanmunchkins,CN
GwailoMatthew,GwailoMatthew,CN
leerisu,leerisu,CN
Particular-Sink7141,Particular-Sink7141,CN
m8remotion,m8remotion,CN
marmakoide,marmakoide,CN
j_aylesbury,j_aylesbury,CN
luke_akatsuki,luke_akatsuki,CN
sliverdust,sliverdust,CN
johnyoker2010,johnyoker2010,CN
malerihi,malerihi,CN
ravenhawk10,ravenhawk10,CN
StuckFern,StuckFern,CN
chereddit,chereddit,CN
p3ep3ep0o,p3ep3ep0o,CN
AdeptSeaworthiness80,AdeptSeaworthiness80,CN
FibreglassFlags,FibreglassFlags,CN
nosomogo,nosomogo,CN
TheJeffing,TheJeffing,CN
Royal-Accountant3408,Royal-Accountant3408,CN
BeefFeast,BeefFeast,CN
tudorgeorgescu,tudorgeorgescu,CN
Shrimp_Dumpling_,Shrimp_Dumpling_,CN
Old-Royal8984,Old-Royal8984,CN
Gromchy,Gromchy,CN
Satoru_Phat,Satoru_Phat,CN
majorbomberjack,majorbomberjack,CN
Background-Unit-8393,Background-Unit-8393,CN
JBfan88,JBfan88,CN
Disastrous-Aerie-698,Disastrous-Aerie-698,CN
8964covid19,8964covid19,CN
gorudo-,gorudo-,CN
rubberStamp2,rubberStamp2,CN
trapdoorr,trapdoorr,CN
WhiskedWanderer,WhiskedWanderer,CN
Jolly-Temporary9508,Jolly-Temporary9508,CN
J_zzzzzz,J_zzzzzz,CN
Sensitive-Jelly5119,Sensitive-Jelly5119,CN
recursing_noether,recursing_noether,CN
monologue_adventure,monologue_adventure,CN
B3herenow,B3herenow,CN
IndependentGene382,IndependentGene382,CN
slykethephoxenix,slykethephoxenix,CN
Euphoric-Pool-7078,Euphoric-Pool-7078,CN
protonbeam,protonbeam,CN
Due-Technology3000,Due-Technology3000,CN
GovernmentWorking621,GovernmentWorking621,CN
Hot_Lingonberry8561,Hot_Lingonberry8561,CN
hugosince1999,hugosince1999,CN
Stardog2,Stardog2,CN
benenen777,benenen777,CN
dingjima,dingjima,CN
expat2016,expat2016,CN
Turbulent-Artist961,Turbulent-Artist961,CN
n0goodnameleft,n0goodnameleft,CN
GrahamOtter,GrahamOtter,CN
Aidenfred,Aidenfred,CN
nomadganker,nomadganker,CN
PrestigiousFact7875,PrestigiousFact7875,CN
lambdeer,lambdeer,CN
takeSusanooNoMikoto,takeSusanooNoMikoto,CN
mwgor,mwgor,CN
awake283,awake283,CN
AdDisastrous6356,AdDisastrous6356,CN
cuoreesitante,cuoreesitante,CN
newsweek,newsweek,CN
poeticskeptic,poeticskeptic,CN
wennideheisiwa,wennideheisiwa,CN
ElephantLoud2850,ElephantLoud2850,CN
bruticuslee,bruticuslee,CN
BrooklynNeinNein_,BrooklynNeinNein_,CN
hikingbluejae,hikingbluejae,CN
Overall-Language-788,Overall-Language-788,CN
Zalieji,Zalieji,CN
Durumbuzafeju,Durumbuzafeju,CN
premierfong,premierfong,CN
hirnfleisch,hirnfleisch,CN
idletimes1955,idletimes1955,CN
barefootjesse,barefootjesse,CN
Interesting-Pace7205,Interesting-Pace7205,CN
Upstairs_Pen_7303,Upstairs_Pen_7303,CN
crewmatt,crewmatt,CN
GraphiteSmith,GraphiteSmith,CN
Professional_Dog8680,Professional_Dog8680,CN
Diligent-Floor-156,Diligent-Floor-156,CN
longiner,longiner,CN
warfaceisthebest,warfaceisthebest,CN
papaya_banana,papaya_banana,CN
TheAsianOne_wc,TheAsianOne_wc,CN
MrWFL,MrWFL,CN
laoxue,laoxue,CN
ricketycrickett88,ricketycrickett88,CN
Weekly_One1388,Weekly_One1388,CN
Wafflecone3f,Wafflecone3f,CN
Randomreddituser1o1,Randomreddituser1o1,CN
ExpiredPotato3f,ExpiredPotato3f,CN
_China_ThrowAway,_China_ThrowAway,CN
Uhhhhhhhhhhhuhhh,Uhhhhhhhhhhhuhhh,CN
vorko_76,vorko_76,CN
euilge,euilge,CN
Tango-Down-167,Tango-Down-167,CN
manareas69,manareas69,CN
Inside-Alfalfa4015,Inside-Alfalfa4015,CN
cmy28,cmy28,CN
uniyk,uniyk,CN
TheTelegraph,TheTelegraph,CN
Biiiiingqiling,Biiiiingqiling,CN
rlyBrusque,rlyBrusque,CN
zhaocaimao,zhaocaimao,CN
idontknowhyimhere_,idontknowhyimhere_,CN
IDkwhattosay99976,IDkwhattosay99976,CN
Secure_Ship_3407,Secure_Ship_3407,CN
Yasu-Tomohiro,Yasu-Tomohiro,CN
zRywii,zRywii,CN
xain1112,xain1112,CN
Mergoliu,Mergoliu,CN
sparqq,sparqq,CN
Mono_Jaffa,Mono_Jaffa,CN
Yichuanxi,Yichuanxi,CN
Oscar_Wildes_Dildo,Oscar_Wildes_Dildo,CN
AutomaticBoxingBot,AutomaticBoxingBot,CN
Snailman12345,Snailman12345,CN
ImprovementEmergency,ImprovementEmergency,CN
what_if_and,what_if_and,CN
Comprehensive_Lead41,Comprehensive_Lead41,CN
DVSMarcus,DVSMarcus,CN
bszx666,bszx666,CN
yerdad99,yerdad99,CN
Agitated-Print-5876,Agitated-Print-5876,CN
TrickData6824,TrickData6824,CN
longing_tea,longing_tea,CN
junktom,junktom,CN
peniz123,peniz123,CN
dumpersts,dumpersts,CN
OverloadedSofa,OverloadedSofa,CN
007smh,007smh,CN
basiceven,basiceven,CN
SilentMannam,SilentMannam,CN
ReginaldJohnston,ReginaldJohnston,CN
Miles23O,Miles23O,CN
Personal_Paper_2027,Personal_Paper_2027,CN
nezeta,nezeta,CN
sisiwuling,sisiwuling,CN
JuggernautSignal1301,JuggernautSignal1301,CN
No-Revenue1003,No-Revenue1003,CN
Schumack1,Schumack1,CN
USAChineseguy,USAChineseguy,CN
EngineerTheFunk,EngineerTheFunk,CN
loseniram,loseniram,CN
PotentialValue550,PotentialValue550,CN
rasmuseriksen,rasmuseriksen,CN
GZHotwater,GZHotwater,CN
Real-chocobo,Real-chocobo,CN
Isen2023,Isen2023,CN
BugMean7544,BugMean7544,CN
ennuiacres,ennuiacres,CN
StrongCountry2020,StrongCountry2020,CN
Suecotero,Suecotero,CN
YaleE360,YaleE360,CN
Same_Discussion1430,Same_Discussion1430,CN
egoistmp3,egoistmp3,CN
ItIsEBoi,ItIsEBoi,CN
HotFriendship9552,HotFriendship9552,CN
Safloria,Safloria,CN
ZuhairSh,ZuhairSh,CN
No-Part-5159,No-Part-5159,CN
Acers2K,Acers2K,CN
lmongefa,lmongefa,CN
dripboi-store,dripboi-store,CN
JeepersGeepers,JeepersGeepers,CN
scaur,scaur,CN
jellyfishbake,jellyfishbake,CN
ThroatEducational271,ThroatEducational271,CN
qnxodyd,qnxodyd,CN
Bearmdusa,Bearmdusa,CN
BrightPurplefin,BrightPurplefin,CN
Ivor_the_1st,Ivor_the_1st,CN
sunsea990109,sunsea990109,CN
WreckitWrecksy,WreckitWrecksy,CN
DukeOfZork,DukeOfZork,CN
perro_g0rd0,perro_g0rd0,CN
happyanathema,happyanathema,CN
JoeDaddie2U,JoeDaddie2U,CN
floydisalegend,floydisalegend,CN
-BabysitterDad-,-BabysitterDad-,CN
Party-Stormer,Party-Stormer,CN
daoth90,daoth90,CN
ctan_,ctan_,CN
Ycyyyyyy,Ycyyyyyy,CN
ClippTube,ClippTube,CN
davidicon168,davidicon168,CN
daredaki-sama,daredaki-sama,CN
terrill000,terrill000,CN
lex424,lex424,CN
CoCainity,CoCainity,CN
Pusheen_Cat_w_hat,Pusheen_Cat_w_hat,CN
BabyfartMcGeesax,BabyfartMcGeesax,CN
madokafromjinan,madokafromjinan,CN
Yamomo1872,Yamomo1872,CN
CheLeung,CheLeung,CN
coocoobees,coocoobees,CN
Mellon_Water,Mellon_Water,CN
AverageCalifornian,AverageCalifornian,CN
Efficient_Editor5850,Efficient_Editor5850,CN
smashmanosaure,smashmanosaure,CN
mr-blazer,mr-blazer,CN
Maybestof,Maybestof,CN
HimmiX,HimmiX,CN
harg0w,harg0w,CN
tentacle_,tentacle_,CN
Otherwise-Sun2486,Otherwise-Sun2486,CN
Silent_Ad4870,Silent_Ad4870,CN
kathmandogdu,kathmandogdu,CN
DeHarigeTuinkabouter,DeHarigeTuinkabouter,CN
harder_said_hodor,harder_said_hodor,CN
shaghaiex,shaghaiex,CN
Appropriate_Name_371,Appropriate_Name_371,CN
unselective_cosmo,unselective_cosmo,CN
btt101,btt101,CN
AwokenQueen64,AwokenQueen64,CN
cowboyography,cowboyography,CN
yingzi113,yingzi113,CN
sikingthegreat1,sikingthegreat1,CN
neverpost4,neverpost4,CN
stonknoob1,stonknoob1,CN
TLCM-4412,TLCM-4412,CN
Louislee0421,Louislee0421,CN
Accurate-Tie-2144,Accurate-Tie-2144,CN
Fluffy_Gold_7366,Fluffy_Gold_7366,CN
Ok-Seaworthiness4488,Ok-Seaworthiness4488,CN
Bro__pro,Bro__pro,CN
Evening_Situation_76,Evening_Situation_76,CN
regal_beagle_22,regal_beagle_22,CN
some-china-alt,some-china-alt,CN
BartD_,BartD_,CN
tc__22,tc__22,CN
Swamivik,Swamivik,CN
Yipppppy,Yipppppy,CN
ZorroNegro,ZorroNegro,CN
potatosmashed,potatosmashed,CN
Able_Huckleberry_445,Able_Huckleberry_445,CN
I_will_delete_myself,I_will_delete_myself,CN
filthywaffles,filthywaffles,CN
swtnsourchkn,swtnsourchkn,CN
EternalObi,EternalObi,CN
AcaciaBlue,AcaciaBlue,CN
Yesusx,Yesusx,CN
ShelterAlone4867,ShelterAlone4867,CN
HateLowes,HateLowes,CN
xiaopewpew,xiaopewpew,CN
Fwellimort,Fwellimort,CN
AdBusiness5212,AdBusiness5212,CN
houyx1234,houyx1234,CN
New_Dirt4983,New_Dirt4983,CN
Professional-Sink320,Professional-Sink320,CN
Ornery-Pie-1396,Ornery-Pie-1396,CN
Puffification,Puffification,CN
No-Coach-5442,No-Coach-5442,CN
lobotomy42,lobotomy42,CN
Angry_Saxon,Angry_Saxon,CN
Objective-Agent5981,Objective-Agent5981,CN
uedison728,uedison728,CN
External_Back5119,External_Back5119,CN
Cold-Yesterday1175,Cold-Yesterday1175,CN
Live_Improvement_542,Live_Improvement_542,CN
Jackmion98,Jackmion98,CN
shagballs,shagballs,CN
Choice_Wish2908,Choice_Wish2908,CN
KalesLV,KalesLV,CN
sunnybob24,sunnybob24,CN
ripbum,ripbum,CN
NPVT,NPVT,CN
Upstairs_Swan_31,Upstairs_Swan_31,CN
jasontheninja47,jasontheninja47,CN
superpimp2g,superpimp2g,CN
Unit266366666,Unit266366666,CN
achangb,achangb,CN
Pantalyra,Pantalyra,CN
agapepaga,agapepaga,CN
Mellow_rages,Mellow_rages,CN
raelianautopsy,raelianautopsy,CN
Letitbesoitgoes,Letitbesoitgoes,CN
Antique-Ad7635,Antique-Ad7635,CN
Sarkastik_Wanderer97,Sarkastik_Wanderer97,CN
poopiginabox,poopiginabox,CN
Diskence209,Diskence209,CN
shawner136,shawner136,CN
Kuzuma_MA,Kuzuma_MA,CN
Unrigg3D,Unrigg3D,CN
Agreeable_Visual_597,Agreeable_Visual_597,CN
Own_Worldliness_9297,Own_Worldliness_9297,CN
diagrammatiks,diagrammatiks,CN
iamthatkyle,iamthatkyle,CN
CosmicBoat,CosmicBoat,CN
Lim_-,Lim_-,CN
Opposite-Time-1070,Opposite-Time-1070,CN
KF02229,KF02229,CN
NothingHappenedThere,NothingHappenedThere,CN
ImmortalsReign,ImmortalsReign,CN
Lolwis,Lolwis,CN
Proof_Security_9804,Proof_Security_9804,CN
Schoolquitproducer,Schoolquitproducer,CN
data_cater,data_cater,CN
W_4_Vendetta,W_4_Vendetta,CN
nycoinguy,nycoinguy,CN
Law-of-Poe,Law-of-Poe,CN
Happyotus,Happyotus,CN
coming_up_in_May,coming_up_in_May,CN
Equivalent-Put-9956,Equivalent-Put-9956,CN
random20190826,random20190826,CN
Serge1122,Serge1122,CN
Hot-Delay5608,Hot-Delay5608,CN
NoAd4815,NoAd4815,CN
Cakehangers,Cakehangers,CN
Virtual_Seaweed7130,Virtual_Seaweed7130,CN
Bulky_Cry_6997,Bulky_Cry_6997,CN
hearthebell,hearthebell,CN
mb_voyager,mb_voyager,CN
Constant_Cap8389,Constant_Cap8389,CN
Occult_Hand,Occult_Hand,CN
Fit-Squash-9447,Fit-Squash-9447,CN
caledonivs,caledonivs,CN
samehere255,samehere255,CN
Creative_Struggle_69,Creative_Struggle_69,CN
Xhrystal,Xhrystal,CN
chammpionn,chammpionn,CN
AwarenessNo4986,AwarenessNo4986,CN
flyinsdog,flyinsdog,CN
TheChineseVodka,TheChineseVodka,CN
sh1bumi,sh1bumi,CN
Worth_Ad9680,Worth_Ad9680,CN
Substantial_Web_6306,Substantial_Web_6306,CN
PC_load_lettr,PC_load_lettr,CN
Metiard70,Metiard70,CN
GeronimoSTN,GeronimoSTN,CN
a4840639,a4840639,CN
TGiR4,TGiR4,CN
iwanttodrink,iwanttodrink,CN
CantoniaCustomsII,CantoniaCustomsII,CN
kevin_chn,kevin_chn,CN
GuideHour159,GuideHour159,CN
GetOutOfTheWhey,GetOutOfTheWhey,CN
Planes_Airbus,Planes_Airbus,CN
JackReedTheSyndie,JackReedTheSyndie,CN
SWUR44100,SWUR44100,CN
werchoosingusername,werchoosingusername,CN
StressedSalt,StressedSalt,CN
FendaIton,FendaIton,CN
EducationalBuyer3078,EducationalBuyer3078,CN
bozhong,bozhong,CN
Lifestillgood355,Lifestillgood355,CN
DarkUnable4375,DarkUnable4375,CN
renegade_wolfe,renegade_wolfe,CN
samoan_ninja,samoan_ninja,CN
Sp1ormf,Sp1ormf,CN
HotCommission376,HotCommission376,CN
EducationalTell9103,EducationalTell9103,CN
SuspiciousStable9649,SuspiciousStable9649,CN
MetroidvaniaListsGuy,MetroidvaniaListsGuy,CN
Express_Tackle6042,Express_Tackle6042,CN
Altruistic_Total_576,Altruistic_Total_576,CN
BrandeX,BrandeX,CN
phanxen,phanxen,CN
MasterOfEECS,MasterOfEECS,CN
ytzfLZ,ytzfLZ,CN
giddeon_voyager,giddeon_voyager,CN
Opening-Computer6882,Opening-Computer6882,CN
kirby__000,kirby__000,CN
30yearCurse,30yearCurse,CN
shchemprof,shchemprof,CN
TaskTechnical8307,TaskTechnical8307,CN
AutoModerator,AutoModerator,CN
JackJones7788,JackJones7788,CN
No_Succotash118,No_Succotash118,CN
Kalenalu,Kalenalu,CN
SandwichOk4242,SandwichOk4242,CN
Due-Guarantee5019,Due-Guarantee5019,CN
OPhasAIDS,OPhasAIDS,CN
NecessaryJudgment5,NecessaryJudgment5,CN
toadx60,toadx60,CN
L_C_SullaFelix,L_C_SullaFelix,CN
Either-Level-4823,Either-Level-4823,CN
MichaelLee518,MichaelLee518,CN
Lienidus1,Lienidus1,CN
ShreddedDadBod,ShreddedDadBod,CN
Ill-Guide-9920,Ill-Guide-9920,CN
MyNameIsNotDennis,MyNameIsNotDennis,CN
Unknown_Personnel_,Unknown_Personnel_,CN
Silly-Praline2317,Silly-Praline2317,CN
NegativeCellist8587,NegativeCellist8587,CN
MMAX110,MMAX110,CN
sayitaintpete,sayitaintpete,CN
Flagrantepiphany,Flagrantepiphany,CN
Far-Assumption1330,Far-Assumption1330,CN
SlimJJReaper,SlimJJReaper,CN
Right-Influence617,Right-Influence617,CN
peter6uger,peter6uger,CN
BingHongCha,BingHongCha,CN
voltshocked,voltshocked,CN
blackbox42,blackbox42,CN
lammy82,lammy82,CN
Marduk112,Marduk112,CN
stevedisme,stevedisme,CN
hotpan96,hotpan96,CN
gov12,gov12,CN
Huedron,Huedron,CN
peter303_,peter303_,CN
gorillagal91,gorillagal91,CN
Worth-Demand-8844,Worth-Demand-8844,CN
Anxious_Plum_5818,Anxious_Plum_5818,CN
ChinaTalkOfficial,ChinaTalkOfficial,CN
Ceret,Ceret,CN
BasicBroEvan,BasicBroEvan,CN
hasuelcookie,hasuelcookie,CN
meridian_smith,meridian_smith,CN
yang_gui_zi,yang_gui_zi,CN
glooks369,glooks369,CN
AssMaster1390,AssMaster1390,CN
Disastrous_Feeling73,Disastrous_Feeling73,CN
Patient_Duck123,Patient_Duck123,CN
elvispresley0595,elvispresley0595,CN
Galax123456,Galax123456,CN
Few_Swim_4577,Few_Swim_4577,CN
ButterscotchNo5991,ButterscotchNo5991,CN
Hailene2092,Hailene2092,CN
skullofregress,skullofregress,CN
Desperate_Ear3743,Desperate_Ear3743,CN
TOMdMAK,TOMdMAK,CN
randomwalker2016,randomwalker2016,CN
xeprone1,xeprone1,CN
el_redditor_papucho,el_redditor_papucho,CN
ambassador_pineapple,ambassador_pineapple,CN
sinfuru_mawile,sinfuru_mawile,CN
mmskoch,mmskoch,CN
Dry_Perspective9905,Dry_Perspective9905,CN
Strix2031,Strix2031,CN
UTFTCOYB_Hibboriot,UTFTCOYB_Hibboriot,CN
Agreeable-Phase-5390,Agreeable-Phase-5390,CN
biglarsh,biglarsh,CN
Rupperrt,Rupperrt,CN
Double-Hard_Bastard,Double-Hard_Bastard,CN
Sorry_Sort6059,Sorry_Sort6059,CN
Pretend_Cream1375,Pretend_Cream1375,CN
ilkikuinthadik,ilkikuinthadik,CN
YouthHumble4414,YouthHumble4414,CN
Provocateur00,Provocateur00,CN
Far-East-locker,Far-East-locker,CN
Amazin8Trade,Amazin8Trade,CN
joseph_cq,joseph_cq,CN
ObviousEconomist,ObviousEconomist,CN
-DeafGuy-,-DeafGuy-,CN
jackjetjet,jackjetjet,CN
Pieterstern,Pieterstern,CN
lernerzhang123,lernerzhang123,CN
wangbadanny,wangbadanny,CN
tshungwee,tshungwee,CN
Mordarto,Mordarto,CN
white__paper,white__paper,CN
StatusJob7947,StatusJob7947,CN
DhunGeimhin,DhunGeimhin,CN
ronaldomike2,ronaldomike2,CN
Away-Lynx8702,Away-Lynx8702,CN
falcao9-,falcao9-,CN
UCthrowaway78404,UCthrowaway78404,CN
SCRA1985,SCRA1985,CN
Hot-Tea159,Hot-Tea159,CN
mjl777,mjl777,CN
Fire_Pea,Fire_Pea,CN
really-tired-pianist,really-tired-pianist,CN
LD-Serjiad,LD-Serjiad,CN
proformax,proformax,CN
Landsharque,Landsharque,CN
MikMikYakin,MikMikYakin,CN
Tomasulu,Tomasulu,CN
pizza-partay,pizza-partay,CN
Cream_panzer,Cream_panzer,CN
tothemoonandback01,tothemoonandback01,CN
SHIELD_Agent_47,SHIELD_Agent_47,CN
Lunar_Rainbow_Pro,Lunar_Rainbow_Pro,CN
Just-4Head-8964,Just-4Head-8964,CN
TonariNoJoetoro,TonariNoJoetoro,CN
BiggusDikkus007,BiggusDikkus007,CN
40plusballer,40plusballer,CN
Resident-Race-3390,Resident-Race-3390,CN
JesusThDvl,JesusThDvl,CN
Brookeinn,Brookeinn,CN
offloaddogsboner,offloaddogsboner,CN
Cioran_was_right,Cioran_was_right,CN
JunkIsMansBestFriend,JunkIsMansBestFriend,CN
no_ccp,no_ccp,CN
xeceker,xeceker,CN
Able-Preference7648,Able-Preference7648,CN
YashaAstora,YashaAstora,CN
MadConky,MadConky,CN
qlolpV,qlolpV,CN
Puzzleheaded_Monk242,Puzzleheaded_Monk242,CN
Feeling_Tower9384,Feeling_Tower9384,CN
Habeatsibi,Habeatsibi,CN
shroud_of_saints,shroud_of_saints,CN
Expensive_Heat_2351,Expensive_Heat_2351,CN
JadePerspective,JadePerspective,CN
Ok_West_6272,Ok_West_6272,CN
curious4786,curious4786,CN
gfat-67,gfat-67,CN
karoshikun,karoshikun,CN
StudyAncient5428,StudyAncient5428,CN
Silent-Discussion169,Silent-Discussion169,CN
Accurate_Soup_7242,Accurate_Soup_7242,CN
aritficialstupidity,aritficialstupidity,CN
AcanthocephalaFew765,AcanthocephalaFew765,CN
Zealousideal_Taro5,Zealousideal_Taro5,CN
Duanedoberman,Duanedoberman,CN
DaVietDoomer114,DaVietDoomer114,CN
marshallannes123,marshallannes123,CN
Albort,Albort,CN
vhunon,vhunon,CN
Nurse_Dolly_4R,Nurse_Dolly_4R,CN
Mountain-Director637,Mountain-Director637,CN
Revolutionary_Mix917,Revolutionary_Mix917,CN
veganelektra1,veganelektra1,CN
SnooStrawberries7894,SnooStrawberries7894,CN
4everdarling,4everdarling,CN
Jaysanchez311,Jaysanchez311,CN
pantocrator210,pantocrator210,CN
maxbdd,maxbdd,CN
marshallxfogtown,marshallxfogtown,CN
SnooCompliments9907,SnooCompliments9907,CN
raoxi,raoxi,CN
finnypiz,finnypiz,CN
brixton_massive,brixton_massive,CN
DivineMargarita,DivineMargarita,CN
Reasonable-Mine-2912,Reasonable-Mine-2912,CN
andymetzen,andymetzen,CN
pillkrush,pillkrush,CN
Linny911,Linny911,CN
tweeeeeeeeeeee,tweeeeeeeeeeee,CN
movakk,movakk,CN
ThePeddlerofHistory,ThePeddlerofHistory,CN
FidoMix_Felicia,FidoMix_Felicia,CN
Barvex,Barvex,CN
BlondBitch91,BlondBitch91,CN
Traditional_Bank1767,Traditional_Bank1767,CN
NideDaddy,NideDaddy,CN
Wookieewoo,Wookieewoo,CN
Forsaken-Juice-6998,Forsaken-Juice-6998,CN
DaegonStarkaryen,DaegonStarkaryen,CN
NicholasRFrintz,NicholasRFrintz,CN
dryersockpirate,dryersockpirate,CN
archos1gnis,archos1gnis,CN
HeartOfCherub,HeartOfCherub,CN
MickatGZ,MickatGZ,CN
CryptographerNew4443,CryptographerNew4443,CN
bladewidth,bladewidth,CN
OnionRangerDuck,OnionRangerDuck,CN
BronzeSpoon89,BronzeSpoon89,CN
epeterson001,epeterson001,CN
swentech,swentech,CN
candygummyi,candygummyi,CN
Professional_Area239,Professional_Area239,CN
ControlCAD,ControlCAD,CN
maliceandempathy,maliceandempathy,CN
Madhead324,Madhead324,CN
wha2les,wha2les,CN
SandyBulmerPoetry,SandyBulmerPoetry,CN
BuyHigh_S3llLow,BuyHigh_S3llLow,CN
hongkongsummer,hongkongsummer,CN
kingofjingling,kingofjingling,CN
Existing-Software-96,Existing-Software-96,CN
DueAd1145,DueAd1145,CN
mandz_fortnite,mandz_fortnite,CN
Lokdora,Lokdora,CN
jameskchou,jameskchou,CN
ToeZealousideal8564,ToeZealousideal8564,CN
whatyasaybud,whatyasaybud,CN
nosocialisms,nosocialisms,CN
25x54,25x54,CN
Smallish-0208,Smallish-0208,CN
leol1818,leol1818,CN
the_hunger_gainz,the_hunger_gainz,CN
Right_Watercress2191,Right_Watercress2191,CN
jeezyke,jeezyke,CN
the_sad_socialist,the_sad_socialist,CN
biosketch,biosketch,CN
Alkoviak,Alkoviak,CN
Shaglock,Shaglock,CN
meatypinkness,meatypinkness,CN
kujahlegend,kujahlegend,CN
Hanged-Goose,Hanged-Goose,CN
FeedMeFish,FeedMeFish,CN
boundinshanghai,boundinshanghai,CN
redundant_ransomware,redundant_ransomware,CN
itzjoanna,itzjoanna,CN
Ok_Signal4754,Ok_Signal4754,CN
bewildered00,bewildered00,CN
BKTKC,BKTKC,CN
Friendly8Fire,Friendly8Fire,CN
HumanYoung7896,HumanYoung7896,CN
Joltie,Joltie,CN
Y_taper,Y_taper,CN
Awkward_Tower_264,Awkward_Tower_264,CN
zachdev-official,zachdev-official,CN
lunagirlmagic,lunagirlmagic,CN
SquarebobSpongepants,SquarebobSpongepants,CN
tomtao2000,tomtao2000,CN
Time-Finish-5189,Time-Finish-5189,CN
yomkippur,yomkippur,CN
Maxitheseus,Maxitheseus,CN
Character-Archer5714,Character-Archer5714,CN
berjaaan,berjaaan,CN
Spice_Cadet_,Spice_Cadet_,CN
ThinkIncident2,ThinkIncident2,CN
zhulinxian,zhulinxian,CN
PlaneResident2035,PlaneResident2035,CN
liyabuli,liyabuli,CN
caribbean_caramel,caribbean_caramel,CN
Idaho1964,Idaho1964,CN
Virtual-Instance-898,Virtual-Instance-898,CN
TasteNo7878,TasteNo7878,CN
GroundbreakingEgg592,GroundbreakingEgg592,CN
southernsovietKGB,southernsovietKGB,CN
washingtonpost,washingtonpost,CN
mikolaj420,mikolaj420,CN
mistyeyesockets,mistyeyesockets,CN
OpacusVenatori,OpacusVenatori,CN
fergusoid,fergusoid,CN
Agile-Technology2125,Agile-Technology2125,CN
GaoLiCai,GaoLiCai,CN
doesnotlikecricket,doesnotlikecricket,CN
Potato_Fish1007,Potato_Fish1007,CN
dusjanbe,dusjanbe,CN
SundayBlues141723,SundayBlues141723,CN
CantaloupeOk2777,CantaloupeOk2777,CN
maomao05,maomao05,CN
useriscracked,useriscracked,CN
inceptionarchitect,inceptionarchitect,CN
bobby-blobfish,bobby-blobfish,CN
Brilliant_Top1028,Brilliant_Top1028,CN
16F33,16F33,CN
malege2bi,malege2bi,CN
uelquis,uelquis,CN
complicatedbiscuit,complicatedbiscuit,CN
Late_University482,Late_University482,CN
Handsome_Warlord,Handsome_Warlord,CN
SorbetShort9191,SorbetShort9191,CN
thedreamswehave,thedreamswehave,CN
Memory_Less,Memory_Less,CN
OppositeAd389,OppositeAd389,CN
Illustrious_Good2053,Illustrious_Good2053,CN
GreasyCookieBallz,GreasyCookieBallz,CN
Difficult-Big4733,Difficult-Big4733,CN
cuixijun,cuixijun,CN
DJpate604,DJpate604,CN
Pizza-Gamer-7,Pizza-Gamer-7,CN
Angelika_10,Angelika_10,CN
SierraSixActual,SierraSixActual,CN
Additional-Pirate425,Additional-Pirate425,CN
EvsRo,EvsRo,CN
mikeindeyang,mikeindeyang,CN
mister_klik,mister_klik,CN
karthikkr93,karthikkr93,CN
Wooden_Invite6058,Wooden_Invite6058,CN
AntiseptikCN,AntiseptikCN,CN
Front_Discount4469,Front_Discount4469,CN
jcr2022,jcr2022,CN
WhipMaDickBacknforth,WhipMaDickBacknforth,CN
General_Career6286,General_Career6286,CN
Entonboy,Entonboy,CN
Vova_Poutine,Vova_Poutine,CN
Ambitious-Shift-299,Ambitious-Shift-299,CN
313Jake,313Jake,CN
dannyrat029,dannyrat029,CN
CandlelightUnder,CandlelightUnder,CN
AbkaiEjen2017,AbkaiEjen2017,CN
Logisticman232,Logisticman232,CN
hcwang34,hcwang34,CN
Dirus,Dirus,CN
Hessianapproximation,Hessianapproximation,CN
HopefulPickle6813,HopefulPickle6813,CN
Massive-Ad6776,Massive-Ad6776,CN
ParadoxicalVagrant,ParadoxicalVagrant,CN
theyearofthedragon0,theyearofthedragon0,CN
Traditional-Lime9390,Traditional-Lime9390,CN
Slu54,Slu54,CN
legal_opium,legal_opium,CN
laowailady,laowailady,CN
fattykim,fattykim,CN
AdRemarkable3043,AdRemarkable3043,CN
Ettttt,Ettttt,CN
Teacher_Mark_Canada,Teacher_Mark_Canada,CN
PearlyP2020,PearlyP2020,CN
PlainTerrain,PlainTerrain,CN
Prok-,Prok-,CN
BuckWildBilly,BuckWildBilly,CN
UsernameNotTakenX,UsernameNotTakenX,CN
Flaky-Capital733,Flaky-Capital733,CN
LargeCowLamp,LargeCowLamp,CN
rachellanlan,rachellanlan,CN
reinekemaximus,reinekemaximus,CN
Own-Communication206,Own-Communication206,CN
WarFabulous5146,WarFabulous5146,CN
BruceWillis1963,BruceWillis1963,CN
Latter_Minute_1395,Latter_Minute_1395,CN
19YoJimbo93,19YoJimbo93,CN
AccomplishedBrain309,AccomplishedBrain309,CN
BigOpportunity1391,BigOpportunity1391,CN
tabbyemmm,tabbyemmm,CN
Top-Veterinarian-565,Top-Veterinarian-565,CN
ams96314,ams96314,CN
Regular-Painting-677,Regular-Painting-677,CN
In-China,In-China,CN
Beneficial_Oven3493,Beneficial_Oven3493,CN
EmbarrassedManager65,EmbarrassedManager65,CN
fuel0n,fuel0n,CN
rod88888888,rod88888888,CN
raspberrih,raspberrih,CN
Ulyks,Ulyks,CN
Grouchy-Safe-3486,Grouchy-Safe-3486,CN
MysticKeiko24_Alt,MysticKeiko24_Alt,CN
CareComprehensive641,CareComprehensive641,CN
Parking-Record-4205,Parking-Record-4205,CN
Striking-Community28,Striking-Community28,CN
tannicity,tannicity,CN
CCPTank,CCPTank,CN
Bman1465,Bman1465,CN
fischman26,fischman26,CN
Desperate-Elk-4714,Desperate-Elk-4714,CN
Sinocatk,Sinocatk,CN
Hungry-Bar-1,Hungry-Bar-1,CN
HoxHound,HoxHound,CN
adron,adron,CN
Alternative-End-8888,Alternative-End-8888,CN
BigIllustrious6565,BigIllustrious6565,CN
sb5550,sb5550,CN
ophnir,ophnir,CN
personwaitinyoimiya,personwaitinyoimiya,CN
hadrian_afer,hadrian_afer,CN
viz_tastic,viz_tastic,CN
United_skibidi,United_skibidi,CN
NationalLearner520,NationalLearner520,CN
Sopheus,Sopheus,CN
Knocksveal,Knocksveal,CN
honestpetal,honestpetal,CN
ppmaster-6969,ppmaster-6969,CN
cMeeber,cMeeber,CN
IronLover64,IronLover64,CN
anyastark,anyastark,CN
cooka_da-pasta,cooka_da-pasta,CN
Deep-Department-545,Deep-Department-545,CN
Fickle-Bag-479,Fickle-Bag-479,CN
lonely_thug_hunter,lonely_thug_hunter,CN
Big_Letterhead_632,Big_Letterhead_632,CN
SophiaHongWan,SophiaHongWan,CN
Sensitive-Pace4610,Sensitive-Pace4610,CN
These-Interview3054,These-Interview3054,CN
OldBallOfRage,OldBallOfRage,CN
No-Economics-6781,No-Economics-6781,CN
vishcheung,vishcheung,CN
clisto3,clisto3,CN
Desperate_Owl_594,Desperate_Owl_594,CN
Virtual-Bath5050,Virtual-Bath5050,CN
kenny32vr,kenny32vr,CN
matt_si,matt_si,CN
DigitalDiogenesAus,DigitalDiogenesAus,CN
ScreechingPizzaCat,ScreechingPizzaCat,CN
crypto_chan,crypto_chan,CN
Monkeyfeng,Monkeyfeng,CN
Strong_Equal_661,Strong_Equal_661,CN
Rich841,Rich841,CN
Atmacrush,Atmacrush,CN
cowcowkee,cowcowkee,CN
_Rhein,_Rhein,CN
SnooCupcakes4942,SnooCupcakes4942,CN
212pigeon,212pigeon,CN
Sufficient_Laugh,Sufficient_Laugh,CN
Chao0919,Chao0919,CN
The_MadStork,The_MadStork,CN
Round_Club_4967,Round_Club_4967,CN
Routine-Dot8326,Routine-Dot8326,CN
kbytzer,kbytzer,CN
Specialist-Bid-7410,Specialist-Bid-7410,CN
Nickolai808,Nickolai808,CN
travellingandcoding,travellingandcoding,CN
AstartesFanboy,AstartesFanboy,CN
ComprehensiveBoss815,ComprehensiveBoss815,CN
PerfectDebt1009,PerfectDebt1009,CN
Impressive-Stay-5702,Impressive-Stay-5702,CN
halfchemhalfbio,halfchemhalfbio,CN
Sake-Gin,Sake-Gin,CN
SE_to_NW,SE_to_NW,CN
ingusmw,ingusmw,CN
sabedo,sabedo,CN
IDFbombskidsdaily,IDFbombskidsdaily,CN
FoGBoomer,FoGBoomer,CN
ersteliga,ersteliga,CN
PVHK1337,PVHK1337,CN
Jesus_Christ_where,Jesus_Christ_where,CN
Forsaken-Review5638,Forsaken-Review5638,CN
E-Scooter-CWIS,E-Scooter-CWIS,CN
Important_Annual_133,Important_Annual_133,CN
Due_Ad_8288,Due_Ad_8288,CN
JBerry_Mingjai,JBerry_Mingjai,CN
Menelik750,Menelik750,CN
nousdefions3_7,nousdefions3_7,CN
New_Stomach9492,New_Stomach9492,CN
Glopatchwork,Glopatchwork,CN
inscrutablemike,inscrutablemike,CN
Bor3d-Panda,Bor3d-Panda,CN
Character_Finger3585,Character_Finger3585,CN
Wise_Industry3953,Wise_Industry3953,CN
UncommonPseudonym,UncommonPseudonym,CN
Glum-Caterpillar-400,Glum-Caterpillar-400,CN
jooookiy,jooookiy,CN
googologies,googologies,CN
jackASS_oIo,jackASS_oIo,CN
JohnsonbBoe,JohnsonbBoe,CN
lukuh123,lukuh123,CN
syuhoo,syuhoo,CN
ElectronicChina,ElectronicChina,CN
bbdax,bbdax,CN
Neat_Significance_31,Neat_Significance_31,CN
revbfc,revbfc,CN
voodoo8686,voodoo8686,CN
MadScientist-1214,MadScientist-1214,CN
ThePantsMcFist,ThePantsMcFist,CN
huajiaoyou,huajiaoyou,CN
Sensitive_Goose_8902,Sensitive_Goose_8902,CN
TRGCHV,TRGCHV,CN
Gundel_Gaukelei,Gundel_Gaukelei,CN
yanggor1983,yanggor1983,CN
FancyParticular6258,FancyParticular6258,CN
jjwalchyxs,jjwalchyxs,CN
weiistone,weiistone,CN
PrincessKatiKat,PrincessKatiKat,CN
narsfweasels,narsfweasels,CN
JesusVonChrist,JesusVonChrist,CN
Cautious-Roof2881,Cautious-Roof2881,CN
Ill_ccJelly_2333,Ill_ccJelly_2333,CN
OreoSpamBurger,OreoSpamBurger,CN
1900hotdog,1900hotdog,CN
stc2828,stc2828,CN
